#FamilyID	SampleID	FatherID	MotherID	Sex	Population	Superpopulation	is_duo	is_trio	is_quartet	is_multigen	Sample_Illumina	Father_Illumina	Mother_Illumina	Sex_char
BB08	HG01985	0	0	2	ACB	AFR	0	0	0	0	PRJEB31736.2504	n/a	n/a	f
BB19	HG02111	0	0	2	ACB	AFR	0	0	0	0	PRJEB31736.2504	n/a	n/a	f
BB26	HG02284	0	0	1	ACB	AFR	0	0	0	0	PRJEB31736.2504	n/a	n/a	m
BB28	HG02322	0	0	2	ACB	AFR	0	0	0	0	PRJEB31736.2504	n/a	n/a	f
BB29	HG02323	0	0	1	ACB	AFR	0	0	0	0	PRJEB31736.2504	n/a	n/a	m
BB30	HG02325	0	0	2	ACB	AFR	0	0	0	0	PRJEB31736.2504	n/a	n/a	f
BB31	HG02337	0	0	2	ACB	AFR	0	0	0	0	PRJEB31736.2504	n/a	n/a	f
BB32	HG02334	0	0	1	ACB	AFR	0	0	0	0	PRJEB31736.2504	n/a	n/a	m
BB33	HG02330	0	0	1	ACB	AFR	0	0	0	0	PRJEB31736.2504	n/a	n/a	m
BB34	HG02339	0	0	2	ACB	AFR	0	0	0	0	PRJEB31736.2504	n/a	n/a	f
BB35	HG02343	0	0	1	ACB	AFR	0	0	0	0	PRJEB31736.2504	n/a	n/a	m
BB36	HG02419	0	0	2	ACB	AFR	0	0	0	0	PRJEB31736.2504	n/a	n/a	f
BB39	HG02429	0	0	1	ACB	AFR	0	0	0	0	PRJEB31736.2504	n/a	n/a	m
BB41	HG02433	0	0	1	ACB	AFR	0	0	0	0	PRJEB31736.2504	n/a	n/a	m
BB42	HG02439	0	0	1	ACB	AFR	0	0	0	0	PRJEB31736.2504	n/a	n/a	m
BB43	HG02442	0	0	1	ACB	AFR	0	0	0	0	PRJEB31736.2504	n/a	n/a	m
BB44	HG02445	0	0	1	ACB	AFR	0	0	0	0	PRJEB31736.2504	n/a	n/a	m
BB45	HG02489	0	0	1	ACB	AFR	0	0	0	0	PRJEB31736.2504	n/a	n/a	m
BB48	HG02455	0	0	1	ACB	AFR	0	0	0	0	PRJEB31736.2504	n/a	n/a	m
BB51	HG02476	0	0	2	ACB	AFR	0	0	0	0	PRJEB31736.2504	n/a	n/a	f
BB52	HG02477	0	0	2	ACB	AFR	0	0	0	0	PRJEB31736.2504	n/a	n/a	f
BB53	HG02479	0	0	2	ACB	AFR	0	0	0	0	PRJEB31736.2504	n/a	n/a	f
BB54	HG02481	0	0	1	ACB	AFR	0	0	0	0	PRJEB31736.2504	n/a	n/a	m
BB56	HG02511	0	0	2	ACB	AFR	0	0	0	0	PRJEB31736.2504	n/a	n/a	f
BB59	HG02505	0	0	2	ACB	AFR	0	0	0	0	PRJEB31736.2504	n/a	n/a	f
BB60	HG02508	0	0	2	ACB	AFR	0	0	0	0	PRJEB31736.2504	n/a	n/a	f
BB63	HG02541	0	0	1	ACB	AFR	0	0	0	0	PRJEB31736.2504	n/a	n/a	m
BB65	HG02549	0	0	2	ACB	AFR	0	0	0	0	PRJEB31736.2504	n/a	n/a	f
BB69	HG02577	0	0	2	ACB	AFR	0	0	0	0	PRJEB31736.2504	n/a	n/a	f
BB70	HG02580	0	0	2	ACB	AFR	0	0	0	0	PRJEB31736.2504	n/a	n/a	f
2357	NA19625	0	0	2	ASW	AFR	0	0	0	0	PRJEB31736.2504	n/a	n/a	f
2357a	NA20274	0	0	2	ASW	AFR	0	0	0	0	PRJEB31736.2504	n/a	n/a	f
2369	NA19707	0	0	2	ASW	AFR	0	0	0	0	PRJEB31736.2504	n/a	n/a	f
2426	NA19904	0	0	1	ASW	AFR	0	0	0	0	PRJEB31736.2504	n/a	n/a	m
2426a	NA19913	0	0	2	ASW	AFR	0	0	0	0	PRJEB31736.2504	n/a	n/a	f
2430	NA19914	0	0	2	ASW	AFR	0	0	0	0	PRJEB31736.2504	n/a	n/a	f
2437a	NA19984	0	0	1	ASW	AFR	0	0	0	0	PRJEB31736.2504	n/a	n/a	m
2466	NA20276	0	0	2	ASW	AFR	0	0	0	0	PRJEB31736.2504	n/a	n/a	f
2467	NA20278	0	0	1	ASW	AFR	0	0	0	0	PRJEB31736.2504	n/a	n/a	m
2469	NA20282	0	0	2	ASW	AFR	0	0	0	0	PRJEB31736.2504	n/a	n/a	f
2469a	NA20281	0	0	1	ASW	AFR	0	0	0	0	PRJEB31736.2504	n/a	n/a	m
2470	NA20287	0	0	2	ASW	AFR	0	0	0	0	PRJEB31736.2504	n/a	n/a	f
2471	NA20289	0	0	2	ASW	AFR	0	0	0	0	PRJEB31736.2504	n/a	n/a	f
2472	NA20291	0	0	1	ASW	AFR	0	0	0	0	PRJEB31736.2504	n/a	n/a	m
2474	NA20294	0	0	2	ASW	AFR	0	0	0	0	PRJEB31736.2504	n/a	n/a	f
2475	NA20296	0	0	2	ASW	AFR	0	0	0	0	PRJEB31736.2504	n/a	n/a	f
2476	NA20299	0	0	2	ASW	AFR	0	0	0	0	PRJEB31736.2504	n/a	n/a	f
2476a	NA20298	0	0	1	ASW	AFR	0	0	0	0	PRJEB31736.2504	n/a	n/a	m
2479	NA20314	0	0	2	ASW	AFR	0	0	0	0	PRJEB31736.2504	n/a	n/a	f
2480	NA20317	0	0	2	ASW	AFR	0	0	0	0	PRJEB31736.2504	n/a	n/a	f
2480a	NA20318	0	0	1	ASW	AFR	0	0	0	0	PRJEB31736.2504	n/a	n/a	m
2481	NA20321	0	0	2	ASW	AFR	0	0	0	0	PRJEB31736.2504	n/a	n/a	f
2481a	NA20320	0	0	2	ASW	AFR	0	0	0	0	PRJEB31736.2504	n/a	n/a	f
2483	NA20332	0	0	2	ASW	AFR	0	0	0	0	PRJEB31736.2504	n/a	n/a	f
2484	NA20334	0	0	2	ASW	AFR	0	0	0	0	PRJEB31736.2504	n/a	n/a	f
2484a	NA20355	0	0	2	ASW	AFR	0	0	0	0	PRJEB31736.2504	n/a	n/a	f
2486	NA20339	0	0	2	ASW	AFR	0	0	0	0	PRJEB31736.2504	n/a	n/a	f
2487	NA20340	0	0	1	ASW	AFR	0	0	0	0	PRJEB31736.2504	n/a	n/a	m
2488	NA20342	0	0	1	ASW	AFR	0	0	0	0	PRJEB31736.2504	n/a	n/a	m
2490	NA20346	0	0	1	ASW	AFR	0	0	0	0	PRJEB31736.2504	n/a	n/a	m
2491	NA20348	0	0	1	ASW	AFR	0	0	0	0	PRJEB31736.2504	n/a	n/a	m
2493	NA20351	0	0	1	ASW	AFR	0	0	0	0	PRJEB31736.2504	n/a	n/a	m
2495	NA20359	0	0	2	ASW	AFR	0	0	0	0	PRJEB31736.2504	n/a	n/a	f
2495a	NA20362	0	0	1	ASW	AFR	0	0	0	0	PRJEB31736.2504	n/a	n/a	m
2505	NA20412	0	0	2	ASW	AFR	0	0	0	0	PRJEB31736.2504	n/a	n/a	f
NG102	HG03499	0	0	2	ESN	AFR	0	0	0	0	PRJEB31736.2504	n/a	n/a	f
NG106	HG03511	0	0	2	ESN	AFR	0	0	0	0	PRJEB31736.2504	n/a	n/a	f
NG11	HG02938	0	0	1	ESN	AFR	0	0	0	0	PRJEB31736.2504	n/a	n/a	m
NG12	HG02941	0	0	1	ESN	AFR	0	0	0	0	PRJEB31736.2504	n/a	n/a	m
NG21	HG02968	0	0	1	ESN	AFR	0	0	0	0	PRJEB31736.2504	n/a	n/a	m
NG27	HG03103	0	0	1	ESN	AFR	0	0	0	0	PRJEB31736.2504	n/a	n/a	m
NG28	HG03105	0	0	2	ESN	AFR	0	0	0	0	PRJEB31736.2504	n/a	n/a	f
NG39	HG03139	0	0	1	ESN	AFR	0	0	0	0	PRJEB31736.2504	n/a	n/a	m
NG45	HG03157	0	0	1	ESN	AFR	0	0	0	0	PRJEB31736.2504	n/a	n/a	m
NG48	HG03166	0	0	1	ESN	AFR	0	0	0	0	PRJEB31736.2504	n/a	n/a	m
NG50	HG03172	0	0	1	ESN	AFR	0	0	0	0	PRJEB31736.2504	n/a	n/a	m
NG51	HG03175	0	0	1	ESN	AFR	0	0	0	0	PRJEB31736.2504	n/a	n/a	m
NG57	HG03193	0	0	1	ESN	AFR	0	0	0	0	PRJEB31736.2504	n/a	n/a	m
NG60	HG03202	0	0	1	ESN	AFR	0	0	0	0	PRJEB31736.2504	n/a	n/a	m
NG63	HG03265	0	0	1	ESN	AFR	0	0	0	0	PRJEB31736.2504	n/a	n/a	m
NG72	HG03291	0	0	2	ESN	AFR	0	0	0	0	PRJEB31736.2504	n/a	n/a	f
NG93	HG03354	0	0	2	ESN	AFR	0	0	0	0	PRJEB31736.2504	n/a	n/a	f
NG96	HG03363	0	0	2	ESN	AFR	0	0	0	0	PRJEB31736.2504	n/a	n/a	f
GB20	HG02568	0	0	2	GWD	AFR	0	0	0	0	PRJEB31736.2504	n/a	n/a	f
LWK001	NA19331	0	0	1	LWK	AFR	0	0	0	0	PRJEB31736.2504	n/a	n/a	m
NA19017	NA19017	0	0	2	LWK	AFR	0	0	0	0	PRJEB31736.2504	n/a	n/a	f
NA19019	NA19019	0	0	2	LWK	AFR	0	0	0	0	PRJEB31736.2504	n/a	n/a	f
NA19020	NA19020	0	0	1	LWK	AFR	0	0	0	0	PRJEB31736.2504	n/a	n/a	m
NA19023	NA19023	0	0	2	LWK	AFR	0	0	0	0	PRJEB31736.2504	n/a	n/a	f
NA19024	NA19024	0	0	2	LWK	AFR	0	0	0	0	PRJEB31736.2504	n/a	n/a	f
NA19025	NA19025	0	0	1	LWK	AFR	0	0	0	0	PRJEB31736.2504	n/a	n/a	m
NA19026	NA19026	0	0	1	LWK	AFR	0	0	0	0	PRJEB31736.2504	n/a	n/a	m
NA19027	NA19027	0	0	1	LWK	AFR	0	0	0	0	PRJEB31736.2504	n/a	n/a	m
NA19028	NA19028	0	0	1	LWK	AFR	0	0	0	0	PRJEB31736.2504	n/a	n/a	m
NA19030	NA19030	0	0	2	LWK	AFR	0	0	0	0	PRJEB31736.2504	n/a	n/a	f
NA19031	NA19031	0	0	1	LWK	AFR	0	0	0	0	PRJEB31736.2504	n/a	n/a	m
NA19035	NA19035	0	0	1	LWK	AFR	0	0	0	0	PRJEB31736.2504	n/a	n/a	m
NA19036	NA19036	0	0	2	LWK	AFR	0	0	0	0	PRJEB31736.2504	n/a	n/a	f
NA19037	NA19037	0	0	2	LWK	AFR	0	0	0	0	PRJEB31736.2504	n/a	n/a	f
NA19038	NA19038	0	0	2	LWK	AFR	0	0	0	0	PRJEB31736.2504	n/a	n/a	f
NA19041	NA19041	0	0	1	LWK	AFR	0	0	0	0	PRJEB31736.2504	n/a	n/a	m
NA19042	NA19042	0	0	2	LWK	AFR	0	0	0	0	PRJEB31736.2504	n/a	n/a	f
NA19043	NA19043	0	0	1	LWK	AFR	0	0	0	0	PRJEB31736.2504	n/a	n/a	m
NA19307	NA19307	0	0	1	LWK	AFR	0	0	0	0	PRJEB31736.2504	n/a	n/a	m
NA19308	NA19308	0	0	1	LWK	AFR	0	0	0	0	PRJEB31736.2504	n/a	n/a	m
NA19309	NA19309	0	0	1	LWK	AFR	0	0	0	0	PRJEB31736.2504	n/a	n/a	m
NA19310	NA19310	0	0	2	LWK	AFR	0	0	0	0	PRJEB31736.2504	n/a	n/a	f
NA19312	NA19312	0	0	1	LWK	AFR	0	0	0	0	PRJEB31736.2504	n/a	n/a	m
NA19314	NA19314	0	0	2	LWK	AFR	0	0	0	0	PRJEB31736.2504	n/a	n/a	f
NA19315	NA19315	0	0	2	LWK	AFR	0	0	0	0	PRJEB31736.2504	n/a	n/a	f
NA19316	NA19316	0	0	2	LWK	AFR	0	0	0	0	PRJEB31736.2504	n/a	n/a	f
NA19317	NA19317	0	0	1	LWK	AFR	0	0	0	0	PRJEB31736.2504	n/a	n/a	m
NA19318	NA19318	0	0	1	LWK	AFR	0	0	0	0	PRJEB31736.2504	n/a	n/a	m
NA19319	NA19319	0	0	1	LWK	AFR	0	0	0	0	PRJEB31736.2504	n/a	n/a	m
NA19320	NA19320	0	0	2	LWK	AFR	0	0	0	0	PRJEB31736.2504	n/a	n/a	f
NA19321	NA19321	0	0	2	LWK	AFR	0	0	0	0	PRJEB31736.2504	n/a	n/a	f
NA19323	NA19323	0	0	2	LWK	AFR	0	0	0	0	PRJEB31736.2504	n/a	n/a	f
NA19324	NA19324	0	0	2	LWK	AFR	0	0	0	0	PRJEB31736.2504	n/a	n/a	f
NA19327	NA19327	0	0	2	LWK	AFR	0	0	0	0	PRJEB31736.2504	n/a	n/a	f
NA19328	NA19328	0	0	2	LWK	AFR	0	0	0	0	PRJEB31736.2504	n/a	n/a	f
NA19332	NA19332	0	0	2	LWK	AFR	0	0	0	0	PRJEB31736.2504	n/a	n/a	f
NA19334	NA19334	0	0	1	LWK	AFR	0	0	0	0	PRJEB31736.2504	n/a	n/a	m
NA19338	NA19338	0	0	2	LWK	AFR	0	0	0	0	PRJEB31736.2504	n/a	n/a	f
NA19346	NA19346	0	0	1	LWK	AFR	0	0	0	0	PRJEB31736.2504	n/a	n/a	m
NA19347	NA19347	0	0	1	LWK	AFR	0	0	0	0	PRJEB31736.2504	n/a	n/a	m
NA19350	NA19350	0	0	1	LWK	AFR	0	0	0	0	PRJEB31736.2504	n/a	n/a	m
NA19351	NA19351	0	0	2	LWK	AFR	0	0	0	0	PRJEB31736.2504	n/a	n/a	f
NA19355	NA19355	0	0	2	LWK	AFR	0	0	0	0	PRJEB31736.2504	n/a	n/a	f
NA19360	NA19360	0	0	1	LWK	AFR	0	0	0	0	PRJEB31736.2504	n/a	n/a	m
NA19372	NA19372	0	0	1	LWK	AFR	0	0	0	0	PRJEB31736.2504	n/a	n/a	m
NA19374	NA19374	0	0	1	LWK	AFR	0	0	0	0	PRJEB31736.2504	n/a	n/a	m
NA19375	NA19375	0	0	1	LWK	AFR	0	0	0	0	PRJEB31736.2504	n/a	n/a	m
NA19376	NA19376	0	0	1	LWK	AFR	0	0	0	0	PRJEB31736.2504	n/a	n/a	m
NA19377	NA19377	0	0	2	LWK	AFR	0	0	0	0	PRJEB31736.2504	n/a	n/a	f
NA19378	NA19378	0	0	2	LWK	AFR	0	0	0	0	PRJEB31736.2504	n/a	n/a	f
NA19379	NA19379	0	0	2	LWK	AFR	0	0	0	0	PRJEB31736.2504	n/a	n/a	f
NA19380	NA19380	0	0	1	LWK	AFR	0	0	0	0	PRJEB31736.2504	n/a	n/a	m
NA19383	NA19383	0	0	1	LWK	AFR	0	0	0	0	PRJEB31736.2504	n/a	n/a	m
NA19384	NA19384	0	0	1	LWK	AFR	0	0	0	0	PRJEB31736.2504	n/a	n/a	m
NA19385	NA19385	0	0	1	LWK	AFR	0	0	0	0	PRJEB31736.2504	n/a	n/a	m
NA19390	NA19390	0	0	2	LWK	AFR	0	0	0	0	PRJEB31736.2504	n/a	n/a	f
NA19391	NA19391	0	0	2	LWK	AFR	0	0	0	0	PRJEB31736.2504	n/a	n/a	f
NA19393	NA19393	0	0	1	LWK	AFR	0	0	0	0	PRJEB31736.2504	n/a	n/a	m
NA19394	NA19394	0	0	1	LWK	AFR	0	0	0	0	PRJEB31736.2504	n/a	n/a	m
NA19395	NA19395	0	0	2	LWK	AFR	0	0	0	0	PRJEB31736.2504	n/a	n/a	f
NA19397	NA19397	0	0	1	LWK	AFR	0	0	0	0	PRJEB31736.2504	n/a	n/a	m
NA19399	NA19399	0	0	2	LWK	AFR	0	0	0	0	PRJEB31736.2504	n/a	n/a	f
NA19401	NA19401	0	0	2	LWK	AFR	0	0	0	0	PRJEB31736.2504	n/a	n/a	f
NA19403	NA19403	0	0	2	LWK	AFR	0	0	0	0	PRJEB31736.2504	n/a	n/a	f
NA19404	NA19404	0	0	2	LWK	AFR	0	0	0	0	PRJEB31736.2504	n/a	n/a	f
NA19428	NA19428	0	0	1	LWK	AFR	0	0	0	0	PRJEB31736.2504	n/a	n/a	m
NA19429	NA19429	0	0	1	LWK	AFR	0	0	0	0	PRJEB31736.2504	n/a	n/a	m
NA19430	NA19430	0	0	1	LWK	AFR	0	0	0	0	PRJEB31736.2504	n/a	n/a	m
NA19431	NA19431	0	0	2	LWK	AFR	0	0	0	0	PRJEB31736.2504	n/a	n/a	f
NA19435	NA19435	0	0	2	LWK	AFR	0	0	0	0	PRJEB31736.2504	n/a	n/a	f
NA19436	NA19436	0	0	2	LWK	AFR	0	0	0	0	PRJEB31736.2504	n/a	n/a	f
NA19437	NA19437	0	0	2	LWK	AFR	0	0	0	0	PRJEB31736.2504	n/a	n/a	f
NA19438	NA19438	0	0	2	LWK	AFR	0	0	0	0	PRJEB31736.2504	n/a	n/a	f
NA19439	NA19439	0	0	2	LWK	AFR	0	0	0	0	PRJEB31736.2504	n/a	n/a	f
NA19440	NA19440	0	0	2	LWK	AFR	0	0	0	0	PRJEB31736.2504	n/a	n/a	f
NA19443	NA19443	0	0	1	LWK	AFR	0	0	0	0	PRJEB31736.2504	n/a	n/a	m
NA19446	NA19446	0	0	2	LWK	AFR	0	0	0	0	PRJEB31736.2504	n/a	n/a	f
NA19448	NA19448	0	0	1	LWK	AFR	0	0	0	0	PRJEB31736.2504	n/a	n/a	m
NA19449	NA19449	0	0	2	LWK	AFR	0	0	0	0	PRJEB31736.2504	n/a	n/a	f
NA19451	NA19451	0	0	1	LWK	AFR	0	0	0	0	PRJEB31736.2504	n/a	n/a	m
NA19452	NA19452	0	0	1	LWK	AFR	0	0	0	0	PRJEB31736.2504	n/a	n/a	m
NA19454	NA19454	0	0	1	LWK	AFR	0	0	0	0	PRJEB31736.2504	n/a	n/a	m
NA19455	NA19455	0	0	1	LWK	AFR	0	0	0	0	PRJEB31736.2504	n/a	n/a	m
NA19456	NA19456	0	0	2	LWK	AFR	0	0	0	0	PRJEB31736.2504	n/a	n/a	f
NA19457	NA19457	0	0	2	LWK	AFR	0	0	0	0	PRJEB31736.2504	n/a	n/a	f
NA19461	NA19461	0	0	1	LWK	AFR	0	0	0	0	PRJEB31736.2504	n/a	n/a	m
NA19462	NA19462	0	0	2	LWK	AFR	0	0	0	0	PRJEB31736.2504	n/a	n/a	f
NA19463	NA19463	0	0	2	LWK	AFR	0	0	0	0	PRJEB31736.2504	n/a	n/a	f
NA19466	NA19466	0	0	1	LWK	AFR	0	0	0	0	PRJEB31736.2504	n/a	n/a	m
NA19467	NA19467	0	0	2	LWK	AFR	0	0	0	0	PRJEB31736.2504	n/a	n/a	f
NA19468	NA19468	0	0	2	LWK	AFR	0	0	0	0	PRJEB31736.2504	n/a	n/a	f
NA19471	NA19471	0	0	2	LWK	AFR	0	0	0	0	PRJEB31736.2504	n/a	n/a	f
NA19472	NA19472	0	0	2	LWK	AFR	0	0	0	0	PRJEB31736.2504	n/a	n/a	f
NA19473	NA19473	0	0	2	LWK	AFR	0	0	0	0	PRJEB31736.2504	n/a	n/a	f
NA19474	NA19474	0	0	2	LWK	AFR	0	0	0	0	PRJEB31736.2504	n/a	n/a	f
NA19475	NA19475	0	0	2	LWK	AFR	0	0	0	0	PRJEB31736.2504	n/a	n/a	f
HG03057	HG03057	0	0	1	MSL	AFR	0	0	0	0	PRJEB31736.2504	n/a	n/a	m
HG03060	HG03060	0	0	1	MSL	AFR	0	0	0	0	PRJEB31736.2504	n/a	n/a	m
HG03074	HG03074	0	0	1	MSL	AFR	0	0	0	0	PRJEB31736.2504	n/a	n/a	m
HG03077	HG03077	0	0	1	MSL	AFR	0	0	0	0	PRJEB31736.2504	n/a	n/a	m
HG03078	HG03078	0	0	1	MSL	AFR	0	0	0	0	PRJEB31736.2504	n/a	n/a	m
HG03084	HG03084	0	0	1	MSL	AFR	0	0	0	0	PRJEB31736.2504	n/a	n/a	m
HG03085	HG03085	0	0	2	MSL	AFR	0	0	0	0	PRJEB31736.2504	n/a	n/a	f
HG03086	HG03086	0	0	2	MSL	AFR	0	0	0	0	PRJEB31736.2504	n/a	n/a	f
HG03378	HG03378	0	0	2	MSL	AFR	0	0	0	0	PRJEB31736.2504	n/a	n/a	f
HG03397	HG03397	0	0	1	MSL	AFR	0	0	0	0	PRJEB31736.2504	n/a	n/a	m
HG03432	HG03432	0	0	1	MSL	AFR	0	0	0	0	PRJEB31736.2504	n/a	n/a	m
HG03433	HG03433	0	0	1	MSL	AFR	0	0	0	0	PRJEB31736.2504	n/a	n/a	m
HG03436	HG03436	0	0	1	MSL	AFR	0	0	0	0	PRJEB31736.2504	n/a	n/a	m
HG03437	HG03437	0	0	2	MSL	AFR	0	0	0	0	PRJEB31736.2504	n/a	n/a	f
HG03442	HG03442	0	0	1	MSL	AFR	0	0	0	0	PRJEB31736.2504	n/a	n/a	m
HG03445	HG03445	0	0	1	MSL	AFR	0	0	0	0	PRJEB31736.2504	n/a	n/a	m
HG03446	HG03446	0	0	2	MSL	AFR	0	0	0	0	PRJEB31736.2504	n/a	n/a	f
HG03457	HG03457	0	0	1	MSL	AFR	0	0	0	0	PRJEB31736.2504	n/a	n/a	m
HG03460	HG03460	0	0	1	MSL	AFR	0	0	0	0	PRJEB31736.2504	n/a	n/a	m
HG03461	HG03461	0	0	2	MSL	AFR	0	0	0	0	PRJEB31736.2504	n/a	n/a	f
HG03472	HG03472	0	0	1	MSL	AFR	0	0	0	0	PRJEB31736.2504	n/a	n/a	m
HG03547	HG03547	0	0	1	MSL	AFR	0	0	0	0	PRJEB31736.2504	n/a	n/a	m
HG03548	HG03548	0	0	2	MSL	AFR	0	0	0	0	PRJEB31736.2504	n/a	n/a	f
HG03556	HG03556	0	0	1	MSL	AFR	0	0	0	0	PRJEB31736.2504	n/a	n/a	m
HG03557	HG03557	0	0	2	MSL	AFR	0	0	0	0	PRJEB31736.2504	n/a	n/a	f
HG03558	HG03558	0	0	2	MSL	AFR	0	0	0	0	PRJEB31736.2504	n/a	n/a	f
HG03565	HG03565	0	0	1	MSL	AFR	0	0	0	0	PRJEB31736.2504	n/a	n/a	m
HG03567	HG03567	0	0	2	MSL	AFR	0	0	0	0	PRJEB31736.2504	n/a	n/a	f
SL01	HG03052	0	0	2	MSL	AFR	0	0	0	0	PRJEB31736.2504	n/a	n/a	f
SL03	HG03058	0	0	2	MSL	AFR	0	0	0	0	PRJEB31736.2504	n/a	n/a	f
SL04	HG03061	0	0	2	MSL	AFR	0	0	0	0	PRJEB31736.2504	n/a	n/a	f
SL06	HG03066	0	0	1	MSL	AFR	0	0	0	0	PRJEB31736.2504	n/a	n/a	m
SL07	HG03069	0	0	1	MSL	AFR	0	0	0	0	PRJEB31736.2504	n/a	n/a	m
SL10	HG03079	0	0	2	MSL	AFR	0	0	0	0	PRJEB31736.2504	n/a	n/a	f
SL13	HG03088	0	0	2	MSL	AFR	0	0	0	0	PRJEB31736.2504	n/a	n/a	f
SL14	HG03091	0	0	2	MSL	AFR	0	0	0	0	PRJEB31736.2504	n/a	n/a	f
SL15	HG03095	0	0	2	MSL	AFR	0	0	0	0	PRJEB31736.2504	n/a	n/a	f
SL17	HG03209	0	0	1	MSL	AFR	0	0	0	0	PRJEB31736.2504	n/a	n/a	m
SL18	HG03212	0	0	2	MSL	AFR	0	0	0	0	PRJEB31736.2504	n/a	n/a	f
SL22	HG03224	0	0	1	MSL	AFR	0	0	0	0	PRJEB31736.2504	n/a	n/a	m
SL23	HG03225	0	0	1	MSL	AFR	0	0	0	0	PRJEB31736.2504	n/a	n/a	m
SL24	HG03376	0	0	1	MSL	AFR	0	0	0	0	PRJEB31736.2504	n/a	n/a	m
SL25	HG03380	0	0	2	MSL	AFR	0	0	0	0	PRJEB31736.2504	n/a	n/a	f
SL26	HG03382	0	0	1	MSL	AFR	0	0	0	0	PRJEB31736.2504	n/a	n/a	m
SL27	HG03385	0	0	1	MSL	AFR	0	0	0	0	PRJEB31736.2504	n/a	n/a	m
SL28	HG03388	0	0	1	MSL	AFR	0	0	0	0	PRJEB31736.2504	n/a	n/a	m
SL29	HG03391	0	0	1	MSL	AFR	0	0	0	0	PRJEB31736.2504	n/a	n/a	m
SL30	HG03394	0	0	1	MSL	AFR	0	0	0	0	PRJEB31736.2504	n/a	n/a	m
SL32	HG03401	0	0	2	MSL	AFR	0	0	0	0	PRJEB31736.2504	n/a	n/a	f
SL35	HG03410	0	0	2	MSL	AFR	0	0	0	0	PRJEB31736.2504	n/a	n/a	f
SL38	HG03419	0	0	2	MSL	AFR	0	0	0	0	PRJEB31736.2504	n/a	n/a	f
SL42	HG03428	0	0	2	MSL	AFR	0	0	0	0	PRJEB31736.2504	n/a	n/a	f
SL46	HG03439	0	0	1	MSL	AFR	0	0	0	0	PRJEB31736.2504	n/a	n/a	m
SL49	HG03449	0	0	2	MSL	AFR	0	0	0	0	PRJEB31736.2504	n/a	n/a	f
SL50	HG03452	0	0	2	MSL	AFR	0	0	0	0	PRJEB31736.2504	n/a	n/a	f
SL52	HG03458	0	0	2	MSL	AFR	0	0	0	0	PRJEB31736.2504	n/a	n/a	f
SL54	HG03464	0	0	2	MSL	AFR	0	0	0	0	PRJEB31736.2504	n/a	n/a	f
SL56	HG03470	0	0	2	MSL	AFR	0	0	0	0	PRJEB31736.2504	n/a	n/a	f
SL56i	HG03469	0	0	1	MSL	AFR	0	0	0	0	PRJEB31736.2504	n/a	n/a	m
SL57	HG03473	0	0	2	MSL	AFR	0	0	0	0	PRJEB31736.2504	n/a	n/a	f
SL58	HG03476	0	0	2	MSL	AFR	0	0	0	0	PRJEB31736.2504	n/a	n/a	f
SL66	HG03559	0	0	1	MSL	AFR	0	0	0	0	PRJEB31736.2504	n/a	n/a	m
SL67	HG03563	0	0	2	MSL	AFR	0	0	0	0	PRJEB31736.2504	n/a	n/a	f
Y010	NA18511	0	0	2	YRI	AFR	0	0	0	0	PRJEB31736.2504	n/a	n/a	f
Y010a	NA18510	0	0	1	YRI	AFR	0	0	0	0	PRJEB31736.2504	n/a	n/a	m
Y022	NA18881	0	0	2	YRI	AFR	0	0	0	0	PRJEB31736.2504	n/a	n/a	f
Y024	NA18861	0	0	2	YRI	AFR	0	0	0	0	PRJEB31736.2504	n/a	n/a	f
Y025	NA18907	0	0	2	YRI	AFR	0	0	0	0	PRJEB31736.2504	n/a	n/a	f
Y025a	NA18908	0	0	1	YRI	AFR	0	0	0	0	PRJEB31736.2504	n/a	n/a	m
Y028	NA18912	0	0	2	YRI	AFR	0	0	0	0	PRJEB31736.2504	n/a	n/a	f
Y029	NA18915	0	0	1	YRI	AFR	0	0	0	0	PRJEB31736.2504	n/a	n/a	m
CLM01	HG01119	0	0	2	CLM	AMR	0	0	0	0	PRJEB31736.2504	n/a	n/a	f
CLM10	HG01142	0	0	1	CLM	AMR	0	0	0	0	PRJEB31736.2504	n/a	n/a	m
CLM20	HG01269	0	0	2	CLM	AMR	0	0	0	0	PRJEB31736.2504	n/a	n/a	f
CLM25	HG01284	0	0	2	CLM	AMR	0	0	0	0	PRJEB31736.2504	n/a	n/a	f
CLM35	HG01369	0	0	2	CLM	AMR	0	0	0	0	PRJEB31736.2504	n/a	n/a	f
CLM36	HG01372	0	0	2	CLM	AMR	0	0	0	0	PRJEB31736.2504	n/a	n/a	f
CLM44	HG01435	0	0	2	CLM	AMR	0	0	0	0	PRJEB31736.2504	n/a	n/a	f
CLM46	HG01441	0	0	2	CLM	AMR	0	0	0	0	PRJEB31736.2504	n/a	n/a	f
CLM46a	HG01440	0	0	1	CLM	AMR	0	0	0	0	PRJEB31736.2504	n/a	n/a	m
CLM48	HG01447	0	0	2	CLM	AMR	0	0	0	0	PRJEB31736.2504	n/a	n/a	f
CLM52	HG01459	0	0	2	CLM	AMR	0	0	0	0	PRJEB31736.2504	n/a	n/a	f
CLM55	HG01468	0	0	2	CLM	AMR	0	0	0	0	PRJEB31736.2504	n/a	n/a	f
CLM57	HG01474	0	0	2	CLM	AMR	0	0	0	0	PRJEB31736.2504	n/a	n/a	f
CLM59	HG01479	0	0	1	CLM	AMR	0	0	0	0	PRJEB31736.2504	n/a	n/a	m
CLM68	HG01556	0	0	1	CLM	AMR	0	0	0	0	PRJEB31736.2504	n/a	n/a	m
2401	NA19752	0	0	2	MXL	AMR	0	0	0	0	PRJEB31736.2504	n/a	n/a	f
2405	NA19764	0	0	2	MXL	AMR	0	0	0	0	PRJEB31736.2504	n/a	n/a	f
2414	NA19792	0	0	1	MXL	AMR	0	0	0	0	PRJEB31736.2504	n/a	n/a	m
PEL21	HG01961	0	0	1	PEL	AMR	0	0	0	0	PRJEB31736.2504	n/a	n/a	m
PEL22	HG01965	0	0	2	PEL	AMR	0	0	0	0	PRJEB31736.2504	n/a	n/a	f
PEL34	HG02006	0	0	2	PEL	AMR	0	0	0	0	PRJEB31736.2504	n/a	n/a	f
PEL37	HG02102	0	0	2	PEL	AMR	0	0	0	0	PRJEB31736.2504	n/a	n/a	f
PEL40	HG02150	0	0	1	PEL	AMR	0	0	0	0	PRJEB31736.2504	n/a	n/a	m
PEL43	HG02262	0	0	1	PEL	AMR	0	0	0	0	PRJEB31736.2504	n/a	n/a	m
PEL54	HG02304	0	0	1	PEL	AMR	0	0	0	0	PRJEB31736.2504	n/a	n/a	m
PEL55	HG02312	0	0	2	PEL	AMR	0	0	0	0	PRJEB31736.2504	n/a	n/a	f
PEL56	HG02345	0	0	2	PEL	AMR	0	0	0	0	PRJEB31736.2504	n/a	n/a	f
PEL57	HG02348	0	0	2	PEL	AMR	0	0	0	0	PRJEB31736.2504	n/a	n/a	f
PEL59	HG02425	0	0	2	PEL	AMR	0	0	0	0	PRJEB31736.2504	n/a	n/a	f
PR13	HG01058	0	0	2	PUR	AMR	0	0	0	0	PRJEB31736.2504	n/a	n/a	f
PR20	HG01077	0	0	2	PUR	AMR	0	0	0	0	PRJEB31736.2504	n/a	n/a	f
PR30	HG01092	0	0	2	PUR	AMR	0	0	0	0	PRJEB31736.2504	n/a	n/a	f
PR37	HG01164	0	0	1	PUR	AMR	0	0	0	0	PRJEB31736.2504	n/a	n/a	m
PR47	HG01200	0	0	1	PUR	AMR	0	0	0	0	PRJEB31736.2504	n/a	n/a	m
PR58	HG01286	0	0	1	PUR	AMR	0	0	0	0	PRJEB31736.2504	n/a	n/a	m
PR61	HG01305	0	0	1	PUR	AMR	0	0	0	0	PRJEB31736.2504	n/a	n/a	m
PR62	HG01308	0	0	1	PUR	AMR	0	0	0	0	PRJEB31736.2504	n/a	n/a	m
PR67	HG01323	0	0	2	PUR	AMR	0	0	0	0	PRJEB31736.2504	n/a	n/a	f
PR72	HG01398	0	0	1	PUR	AMR	0	0	0	0	PRJEB31736.2504	n/a	n/a	m
PR75	HG01405	0	0	1	PUR	AMR	0	0	0	0	PRJEB31736.2504	n/a	n/a	m
PR76	HG01412	0	0	1	PUR	AMR	0	0	0	0	PRJEB31736.2504	n/a	n/a	m
CDX2	HG02371	0	0	1	CDX	EAS	0	0	0	0	PRJEB31736.2504	n/a	n/a	m
HG00759	HG00759	0	0	2	CDX	EAS	0	0	0	0	PRJEB31736.2504	n/a	n/a	f
HG00766	HG00766	0	0	2	CDX	EAS	0	0	0	0	PRJEB31736.2504	n/a	n/a	f
HG00844	HG00844	0	0	1	CDX	EAS	0	0	0	0	PRJEB31736.2504	n/a	n/a	m
HG00851	HG00851	0	0	2	CDX	EAS	0	0	0	0	PRJEB31736.2504	n/a	n/a	f
HG00864	HG00864	0	0	2	CDX	EAS	0	0	0	0	PRJEB31736.2504	n/a	n/a	f
HG00879	HG00879	0	0	2	CDX	EAS	0	0	0	0	PRJEB31736.2504	n/a	n/a	f
HG00881	HG00881	0	0	1	CDX	EAS	0	0	0	0	PRJEB31736.2504	n/a	n/a	m
HG00956	HG00956	0	0	2	CDX	EAS	0	0	0	0	PRJEB31736.2504	n/a	n/a	f
HG00978	HG00978	0	0	2	CDX	EAS	0	0	0	0	PRJEB31736.2504	n/a	n/a	f
HG00982	HG00982	0	0	1	CDX	EAS	0	0	0	0	PRJEB31736.2504	n/a	n/a	m
HG01028	HG01028	0	0	1	CDX	EAS	0	0	0	0	PRJEB31736.2504	n/a	n/a	m
HG01029	HG01029	0	0	2	CDX	EAS	0	0	0	0	PRJEB31736.2504	n/a	n/a	f
HG01031	HG01031	0	0	1	CDX	EAS	0	0	0	0	PRJEB31736.2504	n/a	n/a	m
HG01046	HG01046	0	0	2	CDX	EAS	0	0	0	0	PRJEB31736.2504	n/a	n/a	f
HG01794	HG01794	0	0	2	CDX	EAS	0	0	0	0	PRJEB31736.2504	n/a	n/a	f
HG01795	HG01795	0	0	2	CDX	EAS	0	0	0	0	PRJEB31736.2504	n/a	n/a	f
HG01796	HG01796	0	0	2	CDX	EAS	0	0	0	0	PRJEB31736.2504	n/a	n/a	f
HG01797	HG01797	0	0	2	CDX	EAS	0	0	0	0	PRJEB31736.2504	n/a	n/a	f
HG01798	HG01798	0	0	2	CDX	EAS	0	0	0	0	PRJEB31736.2504	n/a	n/a	f
HG01799	HG01799	0	0	2	CDX	EAS	0	0	0	0	PRJEB31736.2504	n/a	n/a	f
HG01800	HG01800	0	0	2	CDX	EAS	0	0	0	0	PRJEB31736.2504	n/a	n/a	f
HG01801	HG01801	0	0	2	CDX	EAS	0	0	0	0	PRJEB31736.2504	n/a	n/a	f
HG01802	HG01802	0	0	2	CDX	EAS	0	0	0	0	PRJEB31736.2504	n/a	n/a	f
HG01804	HG01804	0	0	2	CDX	EAS	0	0	0	0	PRJEB31736.2504	n/a	n/a	f
HG01805	HG01805	0	0	2	CDX	EAS	0	0	0	0	PRJEB31736.2504	n/a	n/a	f
HG01806	HG01806	0	0	2	CDX	EAS	0	0	0	0	PRJEB31736.2504	n/a	n/a	f
HG01807	HG01807	0	0	2	CDX	EAS	0	0	0	0	PRJEB31736.2504	n/a	n/a	f
HG01808	HG01808	0	0	2	CDX	EAS	0	0	0	0	PRJEB31736.2504	n/a	n/a	f
HG01809	HG01809	0	0	2	CDX	EAS	0	0	0	0	PRJEB31736.2504	n/a	n/a	f
HG01810	HG01810	0	0	1	CDX	EAS	0	0	0	0	PRJEB31736.2504	n/a	n/a	m
HG01811	HG01811	0	0	1	CDX	EAS	0	0	0	0	PRJEB31736.2504	n/a	n/a	m
HG01812	HG01812	0	0	2	CDX	EAS	0	0	0	0	PRJEB31736.2504	n/a	n/a	f
HG01813	HG01813	0	0	2	CDX	EAS	0	0	0	0	PRJEB31736.2504	n/a	n/a	f
HG01815	HG01815	0	0	2	CDX	EAS	0	0	0	0	PRJEB31736.2504	n/a	n/a	f
HG01816	HG01816	0	0	1	CDX	EAS	0	0	0	0	PRJEB31736.2504	n/a	n/a	m
HG01817	HG01817	0	0	2	CDX	EAS	0	0	0	0	PRJEB31736.2504	n/a	n/a	f
HG02151	HG02151	0	0	2	CDX	EAS	0	0	0	0	PRJEB31736.2504	n/a	n/a	f
HG02152	HG02152	0	0	2	CDX	EAS	0	0	0	0	PRJEB31736.2504	n/a	n/a	f
HG02153	HG02153	0	0	2	CDX	EAS	0	0	0	0	PRJEB31736.2504	n/a	n/a	f
HG02154	HG02154	0	0	2	CDX	EAS	0	0	0	0	PRJEB31736.2504	n/a	n/a	f
HG02155	HG02155	0	0	2	CDX	EAS	0	0	0	0	PRJEB31736.2504	n/a	n/a	f
HG02156	HG02156	0	0	2	CDX	EAS	0	0	0	0	PRJEB31736.2504	n/a	n/a	f
HG02164	HG02164	0	0	2	CDX	EAS	0	0	0	0	PRJEB31736.2504	n/a	n/a	f
HG02165	HG02165	0	0	2	CDX	EAS	0	0	0	0	PRJEB31736.2504	n/a	n/a	f
HG02166	HG02166	0	0	2	CDX	EAS	0	0	0	0	PRJEB31736.2504	n/a	n/a	f
HG02178	HG02178	0	0	2	CDX	EAS	0	0	0	0	PRJEB31736.2504	n/a	n/a	f
HG02179	HG02179	0	0	2	CDX	EAS	0	0	0	0	PRJEB31736.2504	n/a	n/a	f
HG02180	HG02180	0	0	2	CDX	EAS	0	0	0	0	PRJEB31736.2504	n/a	n/a	f
HG02181	HG02181	0	0	2	CDX	EAS	0	0	0	0	PRJEB31736.2504	n/a	n/a	f
HG02182	HG02182	0	0	2	CDX	EAS	0	0	0	0	PRJEB31736.2504	n/a	n/a	f
HG02184	HG02184	0	0	2	CDX	EAS	0	0	0	0	PRJEB31736.2504	n/a	n/a	f
HG02185	HG02185	0	0	2	CDX	EAS	0	0	0	0	PRJEB31736.2504	n/a	n/a	f
HG02186	HG02186	0	0	2	CDX	EAS	0	0	0	0	PRJEB31736.2504	n/a	n/a	f
HG02187	HG02187	0	0	2	CDX	EAS	0	0	0	0	PRJEB31736.2504	n/a	n/a	f
HG02188	HG02188	0	0	2	CDX	EAS	0	0	0	0	PRJEB31736.2504	n/a	n/a	f
HG02190	HG02190	0	0	2	CDX	EAS	0	0	0	0	PRJEB31736.2504	n/a	n/a	f
HG02250	HG02250	0	0	1	CDX	EAS	0	0	0	0	PRJEB31736.2504	n/a	n/a	m
HG02351	HG02351	0	0	1	CDX	EAS	0	0	0	0	PRJEB31736.2504	n/a	n/a	m
HG02353	HG02353	0	0	1	CDX	EAS	0	0	0	0	PRJEB31736.2504	n/a	n/a	m
HG02355	HG02355	0	0	1	CDX	EAS	0	0	0	0	PRJEB31736.2504	n/a	n/a	m
HG02356	HG02356	0	0	1	CDX	EAS	0	0	0	0	PRJEB31736.2504	n/a	n/a	m
HG02360	HG02360	0	0	1	CDX	EAS	0	0	0	0	PRJEB31736.2504	n/a	n/a	m
HG02364	HG02364	0	0	1	CDX	EAS	0	0	0	0	PRJEB31736.2504	n/a	n/a	m
HG02367	HG02367	0	0	1	CDX	EAS	0	0	0	0	PRJEB31736.2504	n/a	n/a	m
HG02373	HG02373	0	0	1	CDX	EAS	0	0	0	0	PRJEB31736.2504	n/a	n/a	m
HG02374	HG02374	0	0	1	CDX	EAS	0	0	0	0	PRJEB31736.2504	n/a	n/a	m
HG02375	HG02375	0	0	1	CDX	EAS	0	0	0	0	PRJEB31736.2504	n/a	n/a	m
HG02379	HG02379	0	0	1	CDX	EAS	0	0	0	0	PRJEB31736.2504	n/a	n/a	m
HG02380	HG02380	0	0	1	CDX	EAS	0	0	0	0	PRJEB31736.2504	n/a	n/a	m
HG02382	HG02382	0	0	1	CDX	EAS	0	0	0	0	PRJEB31736.2504	n/a	n/a	m
HG02383	HG02383	0	0	1	CDX	EAS	0	0	0	0	PRJEB31736.2504	n/a	n/a	m
HG02384	HG02384	0	0	1	CDX	EAS	0	0	0	0	PRJEB31736.2504	n/a	n/a	m
HG02385	HG02385	0	0	1	CDX	EAS	0	0	0	0	PRJEB31736.2504	n/a	n/a	m
HG02386	HG02386	0	0	1	CDX	EAS	0	0	0	0	PRJEB31736.2504	n/a	n/a	m
HG02389	HG02389	0	0	1	CDX	EAS	0	0	0	0	PRJEB31736.2504	n/a	n/a	m
HG02390	HG02390	0	0	1	CDX	EAS	0	0	0	0	PRJEB31736.2504	n/a	n/a	m
HG02391	HG02391	0	0	1	CDX	EAS	0	0	0	0	PRJEB31736.2504	n/a	n/a	m
HG02392	HG02392	0	0	1	CDX	EAS	0	0	0	0	PRJEB31736.2504	n/a	n/a	m
HG02394	HG02394	0	0	1	CDX	EAS	0	0	0	0	PRJEB31736.2504	n/a	n/a	m
HG02395	HG02395	0	0	1	CDX	EAS	0	0	0	0	PRJEB31736.2504	n/a	n/a	m
HG02396	HG02396	0	0	1	CDX	EAS	0	0	0	0	PRJEB31736.2504	n/a	n/a	m
HG02397	HG02397	0	0	1	CDX	EAS	0	0	0	0	PRJEB31736.2504	n/a	n/a	m
HG02398	HG02398	0	0	1	CDX	EAS	0	0	0	0	PRJEB31736.2504	n/a	n/a	m
HG02399	HG02399	0	0	1	CDX	EAS	0	0	0	0	PRJEB31736.2504	n/a	n/a	m
HG02401	HG02401	0	0	1	CDX	EAS	0	0	0	0	PRJEB31736.2504	n/a	n/a	m
HG02402	HG02402	0	0	1	CDX	EAS	0	0	0	0	PRJEB31736.2504	n/a	n/a	m
HG02406	HG02406	0	0	1	CDX	EAS	0	0	0	0	PRJEB31736.2504	n/a	n/a	m
HG02407	HG02407	0	0	1	CDX	EAS	0	0	0	0	PRJEB31736.2504	n/a	n/a	m
HG02408	HG02408	0	0	1	CDX	EAS	0	0	0	0	PRJEB31736.2504	n/a	n/a	m
HG02409	HG02409	0	0	1	CDX	EAS	0	0	0	0	PRJEB31736.2504	n/a	n/a	m
HG02410	HG02410	0	0	1	CDX	EAS	0	0	0	0	PRJEB31736.2504	n/a	n/a	m
NA18525	NA18525	0	0	2	CHB	EAS	0	0	0	0	PRJEB31736.2504	n/a	n/a	f
NA18526	NA18526	0	0	2	CHB	EAS	0	0	0	0	PRJEB31736.2504	n/a	n/a	f
NA18528	NA18528	0	0	2	CHB	EAS	0	0	0	0	PRJEB31736.2504	n/a	n/a	f
NA18530	NA18530	0	0	1	CHB	EAS	0	0	0	0	PRJEB31736.2504	n/a	n/a	m
NA18531	NA18531	0	0	2	CHB	EAS	0	0	0	0	PRJEB31736.2504	n/a	n/a	f
NA18532	NA18532	0	0	2	CHB	EAS	0	0	0	0	PRJEB31736.2504	n/a	n/a	f
NA18533	NA18533	0	0	2	CHB	EAS	0	0	0	0	PRJEB31736.2504	n/a	n/a	f
NA18534	NA18534	0	0	1	CHB	EAS	0	0	0	0	PRJEB31736.2504	n/a	n/a	m
NA18535	NA18535	0	0	2	CHB	EAS	0	0	0	0	PRJEB31736.2504	n/a	n/a	f
NA18536	NA18536	0	0	1	CHB	EAS	0	0	0	0	PRJEB31736.2504	n/a	n/a	m
NA18537	NA18537	0	0	2	CHB	EAS	0	0	0	0	PRJEB31736.2504	n/a	n/a	f
NA18538	NA18538	0	0	2	CHB	EAS	0	0	0	0	PRJEB31736.2504	n/a	n/a	f
NA18539	NA18539	0	0	2	CHB	EAS	0	0	0	0	PRJEB31736.2504	n/a	n/a	f
NA18541	NA18541	0	0	2	CHB	EAS	0	0	0	0	PRJEB31736.2504	n/a	n/a	f
NA18542	NA18542	0	0	2	CHB	EAS	0	0	0	0	PRJEB31736.2504	n/a	n/a	f
NA18543	NA18543	0	0	1	CHB	EAS	0	0	0	0	PRJEB31736.2504	n/a	n/a	m
NA18544	NA18544	0	0	1	CHB	EAS	0	0	0	0	PRJEB31736.2504	n/a	n/a	m
NA18545	NA18545	0	0	2	CHB	EAS	0	0	0	0	PRJEB31736.2504	n/a	n/a	f
NA18546	NA18546	0	0	1	CHB	EAS	0	0	0	0	PRJEB31736.2504	n/a	n/a	m
NA18547	NA18547	0	0	2	CHB	EAS	0	0	0	0	PRJEB31736.2504	n/a	n/a	f
NA18548	NA18548	0	0	1	CHB	EAS	0	0	0	0	PRJEB31736.2504	n/a	n/a	m
NA18549	NA18549	0	0	1	CHB	EAS	0	0	0	0	PRJEB31736.2504	n/a	n/a	m
NA18550	NA18550	0	0	2	CHB	EAS	0	0	0	0	PRJEB31736.2504	n/a	n/a	f
NA18552	NA18552	0	0	2	CHB	EAS	0	0	0	0	PRJEB31736.2504	n/a	n/a	f
NA18553	NA18553	0	0	2	CHB	EAS	0	0	0	0	PRJEB31736.2504	n/a	n/a	f
NA18555	NA18555	0	0	2	CHB	EAS	0	0	0	0	PRJEB31736.2504	n/a	n/a	f
NA18557	NA18557	0	0	1	CHB	EAS	0	0	0	0	PRJEB31736.2504	n/a	n/a	m
NA18558	NA18558	0	0	1	CHB	EAS	0	0	0	0	PRJEB31736.2504	n/a	n/a	m
NA18559	NA18559	0	0	1	CHB	EAS	0	0	0	0	PRJEB31736.2504	n/a	n/a	m
NA18560	NA18560	0	0	2	CHB	EAS	0	0	0	0	PRJEB31736.2504	n/a	n/a	f
NA18561	NA18561	0	0	1	CHB	EAS	0	0	0	0	PRJEB31736.2504	n/a	n/a	m
NA18562	NA18562	0	0	1	CHB	EAS	0	0	0	0	PRJEB31736.2504	n/a	n/a	m
NA18563	NA18563	0	0	1	CHB	EAS	0	0	0	0	PRJEB31736.2504	n/a	n/a	m
NA18564	NA18564	0	0	2	CHB	EAS	0	0	0	0	PRJEB31736.2504	n/a	n/a	f
NA18565	NA18565	0	0	2	CHB	EAS	0	0	0	0	PRJEB31736.2504	n/a	n/a	f
NA18566	NA18566	0	0	2	CHB	EAS	0	0	0	0	PRJEB31736.2504	n/a	n/a	f
NA18567	NA18567	0	0	2	CHB	EAS	0	0	0	0	PRJEB31736.2504	n/a	n/a	f
NA18570	NA18570	0	0	2	CHB	EAS	0	0	0	0	PRJEB31736.2504	n/a	n/a	f
NA18571	NA18571	0	0	2	CHB	EAS	0	0	0	0	PRJEB31736.2504	n/a	n/a	f
NA18572	NA18572	0	0	1	CHB	EAS	0	0	0	0	PRJEB31736.2504	n/a	n/a	m
NA18573	NA18573	0	0	2	CHB	EAS	0	0	0	0	PRJEB31736.2504	n/a	n/a	f
NA18574	NA18574	0	0	2	CHB	EAS	0	0	0	0	PRJEB31736.2504	n/a	n/a	f
NA18577	NA18577	0	0	2	CHB	EAS	0	0	0	0	PRJEB31736.2504	n/a	n/a	f
NA18579	NA18579	0	0	2	CHB	EAS	0	0	0	0	PRJEB31736.2504	n/a	n/a	f
NA18582	NA18582	0	0	2	CHB	EAS	0	0	0	0	PRJEB31736.2504	n/a	n/a	f
NA18591	NA18591	0	0	2	CHB	EAS	0	0	0	0	PRJEB31736.2504	n/a	n/a	f
NA18592	NA18592	0	0	2	CHB	EAS	0	0	0	0	PRJEB31736.2504	n/a	n/a	f
NA18593	NA18593	0	0	2	CHB	EAS	0	0	0	0	PRJEB31736.2504	n/a	n/a	f
NA18595	NA18595	0	0	2	CHB	EAS	0	0	0	0	PRJEB31736.2504	n/a	n/a	f
NA18596	NA18596	0	0	2	CHB	EAS	0	0	0	0	PRJEB31736.2504	n/a	n/a	f
NA18597	NA18597	0	0	2	CHB	EAS	0	0	0	0	PRJEB31736.2504	n/a	n/a	f
NA18599	NA18599	0	0	2	CHB	EAS	0	0	0	0	PRJEB31736.2504	n/a	n/a	f
NA18602	NA18602	0	0	2	CHB	EAS	0	0	0	0	PRJEB31736.2504	n/a	n/a	f
NA18603	NA18603	0	0	1	CHB	EAS	0	0	0	0	PRJEB31736.2504	n/a	n/a	m
NA18605	NA18605	0	0	1	CHB	EAS	0	0	0	0	PRJEB31736.2504	n/a	n/a	m
NA18606	NA18606	0	0	1	CHB	EAS	0	0	0	0	PRJEB31736.2504	n/a	n/a	m
NA18608	NA18608	0	0	1	CHB	EAS	0	0	0	0	PRJEB31736.2504	n/a	n/a	m
NA18609	NA18609	0	0	1	CHB	EAS	0	0	0	0	PRJEB31736.2504	n/a	n/a	m
NA18610	NA18610	0	0	2	CHB	EAS	0	0	0	0	PRJEB31736.2504	n/a	n/a	f
NA18611	NA18611	0	0	1	CHB	EAS	0	0	0	0	PRJEB31736.2504	n/a	n/a	m
NA18612	NA18612	0	0	1	CHB	EAS	0	0	0	0	PRJEB31736.2504	n/a	n/a	m
NA18613	NA18613	0	0	1	CHB	EAS	0	0	0	0	PRJEB31736.2504	n/a	n/a	m
NA18614	NA18614	0	0	2	CHB	EAS	0	0	0	0	PRJEB31736.2504	n/a	n/a	f
NA18615	NA18615	0	0	2	CHB	EAS	0	0	0	0	PRJEB31736.2504	n/a	n/a	f
NA18616	NA18616	0	0	2	CHB	EAS	0	0	0	0	PRJEB31736.2504	n/a	n/a	f
NA18617	NA18617	0	0	2	CHB	EAS	0	0	0	0	PRJEB31736.2504	n/a	n/a	f
NA18618	NA18618	0	0	2	CHB	EAS	0	0	0	0	PRJEB31736.2504	n/a	n/a	f
NA18619	NA18619	0	0	2	CHB	EAS	0	0	0	0	PRJEB31736.2504	n/a	n/a	f
NA18620	NA18620	0	0	1	CHB	EAS	0	0	0	0	PRJEB31736.2504	n/a	n/a	m
NA18621	NA18621	0	0	1	CHB	EAS	0	0	0	0	PRJEB31736.2504	n/a	n/a	m
NA18622	NA18622	0	0	1	CHB	EAS	0	0	0	0	PRJEB31736.2504	n/a	n/a	m
NA18623	NA18623	0	0	1	CHB	EAS	0	0	0	0	PRJEB31736.2504	n/a	n/a	m
NA18624	NA18624	0	0	1	CHB	EAS	0	0	0	0	PRJEB31736.2504	n/a	n/a	m
NA18625	NA18625	0	0	2	CHB	EAS	0	0	0	0	PRJEB31736.2504	n/a	n/a	f
NA18626	NA18626	0	0	2	CHB	EAS	0	0	0	0	PRJEB31736.2504	n/a	n/a	f
NA18627	NA18627	0	0	2	CHB	EAS	0	0	0	0	PRJEB31736.2504	n/a	n/a	f
NA18628	NA18628	0	0	2	CHB	EAS	0	0	0	0	PRJEB31736.2504	n/a	n/a	f
NA18629	NA18629	0	0	1	CHB	EAS	0	0	0	0	PRJEB31736.2504	n/a	n/a	m
NA18630	NA18630	0	0	2	CHB	EAS	0	0	0	0	PRJEB31736.2504	n/a	n/a	f
NA18631	NA18631	0	0	2	CHB	EAS	0	0	0	0	PRJEB31736.2504	n/a	n/a	f
NA18632	NA18632	0	0	1	CHB	EAS	0	0	0	0	PRJEB31736.2504	n/a	n/a	m
NA18633	NA18633	0	0	1	CHB	EAS	0	0	0	0	PRJEB31736.2504	n/a	n/a	m
NA18634	NA18634	0	0	2	CHB	EAS	0	0	0	0	PRJEB31736.2504	n/a	n/a	f
NA18635	NA18635	0	0	1	CHB	EAS	0	0	0	0	PRJEB31736.2504	n/a	n/a	m
NA18636	NA18636	0	0	1	CHB	EAS	0	0	0	0	PRJEB31736.2504	n/a	n/a	m
NA18637	NA18637	0	0	1	CHB	EAS	0	0	0	0	PRJEB31736.2504	n/a	n/a	m
NA18638	NA18638	0	0	1	CHB	EAS	0	0	0	0	PRJEB31736.2504	n/a	n/a	m
NA18639	NA18639	0	0	1	CHB	EAS	0	0	0	0	PRJEB31736.2504	n/a	n/a	m
NA18640	NA18640	0	0	2	CHB	EAS	0	0	0	0	PRJEB31736.2504	n/a	n/a	f
NA18641	NA18641	0	0	2	CHB	EAS	0	0	0	0	PRJEB31736.2504	n/a	n/a	f
NA18642	NA18642	0	0	2	CHB	EAS	0	0	0	0	PRJEB31736.2504	n/a	n/a	f
NA18643	NA18643	0	0	1	CHB	EAS	0	0	0	0	PRJEB31736.2504	n/a	n/a	m
NA18644	NA18644	0	0	2	CHB	EAS	0	0	0	0	PRJEB31736.2504	n/a	n/a	f
NA18645	NA18645	0	0	1	CHB	EAS	0	0	0	0	PRJEB31736.2504	n/a	n/a	m
NA18646	NA18646	0	0	2	CHB	EAS	0	0	0	0	PRJEB31736.2504	n/a	n/a	f
NA18647	NA18647	0	0	1	CHB	EAS	0	0	0	0	PRJEB31736.2504	n/a	n/a	m
NA18648	NA18648	0	0	1	CHB	EAS	0	0	0	0	PRJEB31736.2504	n/a	n/a	m
NA18740	NA18740	0	0	1	CHB	EAS	0	0	0	0	PRJEB31736.2504	n/a	n/a	m
NA18745	NA18745	0	0	1	CHB	EAS	0	0	0	0	PRJEB31736.2504	n/a	n/a	m
NA18747	NA18747	0	0	1	CHB	EAS	0	0	0	0	PRJEB31736.2504	n/a	n/a	m
NA18748	NA18748	0	0	1	CHB	EAS	0	0	0	0	PRJEB31736.2504	n/a	n/a	m
NA18749	NA18749	0	0	1	CHB	EAS	0	0	0	0	PRJEB31736.2504	n/a	n/a	m
NA18757	NA18757	0	0	1	CHB	EAS	0	0	0	0	PRJEB31736.2504	n/a	n/a	m
SH094	HG00717	0	0	2	CHS	EAS	0	0	0	0	PRJEB31736.2504	n/a	n/a	f
NA18939	NA18939	0	0	2	JPT	EAS	0	0	0	0	PRJEB31736.2504	n/a	n/a	f
NA18940	NA18940	0	0	1	JPT	EAS	0	0	0	0	PRJEB31736.2504	n/a	n/a	m
NA18941	NA18941	0	0	2	JPT	EAS	0	0	0	0	PRJEB31736.2504	n/a	n/a	f
NA18942	NA18942	0	0	2	JPT	EAS	0	0	0	0	PRJEB31736.2504	n/a	n/a	f
NA18943	NA18943	0	0	1	JPT	EAS	0	0	0	0	PRJEB31736.2504	n/a	n/a	m
NA18944	NA18944	0	0	1	JPT	EAS	0	0	0	0	PRJEB31736.2504	n/a	n/a	m
NA18945	NA18945	0	0	1	JPT	EAS	0	0	0	0	PRJEB31736.2504	n/a	n/a	m
NA18946	NA18946	0	0	2	JPT	EAS	0	0	0	0	PRJEB31736.2504	n/a	n/a	f
NA18947	NA18947	0	0	2	JPT	EAS	0	0	0	0	PRJEB31736.2504	n/a	n/a	f
NA18948	NA18948	0	0	1	JPT	EAS	0	0	0	0	PRJEB31736.2504	n/a	n/a	m
NA18949	NA18949	0	0	2	JPT	EAS	0	0	0	0	PRJEB31736.2504	n/a	n/a	f
NA18950	NA18950	0	0	2	JPT	EAS	0	0	0	0	PRJEB31736.2504	n/a	n/a	f
NA18951	NA18951	0	0	2	JPT	EAS	0	0	0	0	PRJEB31736.2504	n/a	n/a	f
NA18952	NA18952	0	0	1	JPT	EAS	0	0	0	0	PRJEB31736.2504	n/a	n/a	m
NA18953	NA18953	0	0	1	JPT	EAS	0	0	0	0	PRJEB31736.2504	n/a	n/a	m
NA18954	NA18954	0	0	2	JPT	EAS	0	0	0	0	PRJEB31736.2504	n/a	n/a	f
NA18956	NA18956	0	0	2	JPT	EAS	0	0	0	0	PRJEB31736.2504	n/a	n/a	f
NA18957	NA18957	0	0	2	JPT	EAS	0	0	0	0	PRJEB31736.2504	n/a	n/a	f
NA18959	NA18959	0	0	1	JPT	EAS	0	0	0	0	PRJEB31736.2504	n/a	n/a	m
NA18960	NA18960	0	0	1	JPT	EAS	0	0	0	0	PRJEB31736.2504	n/a	n/a	m
NA18961	NA18961	0	0	1	JPT	EAS	0	0	0	0	PRJEB31736.2504	n/a	n/a	m
NA18962	NA18962	0	0	1	JPT	EAS	0	0	0	0	PRJEB31736.2504	n/a	n/a	m
NA18963	NA18963	0	0	2	JPT	EAS	0	0	0	0	PRJEB31736.2504	n/a	n/a	f
NA18964	NA18964	0	0	2	JPT	EAS	0	0	0	0	PRJEB31736.2504	n/a	n/a	f
NA18965	NA18965	0	0	1	JPT	EAS	0	0	0	0	PRJEB31736.2504	n/a	n/a	m
NA18966	NA18966	0	0	1	JPT	EAS	0	0	0	0	PRJEB31736.2504	n/a	n/a	m
NA18967	NA18967	0	0	1	JPT	EAS	0	0	0	0	PRJEB31736.2504	n/a	n/a	m
NA18968	NA18968	0	0	2	JPT	EAS	0	0	0	0	PRJEB31736.2504	n/a	n/a	f
NA18969	NA18969	0	0	2	JPT	EAS	0	0	0	0	PRJEB31736.2504	n/a	n/a	f
NA18970	NA18970	0	0	1	JPT	EAS	0	0	0	0	PRJEB31736.2504	n/a	n/a	m
NA18971	NA18971	0	0	1	JPT	EAS	0	0	0	0	PRJEB31736.2504	n/a	n/a	m
NA18972	NA18972	0	0	2	JPT	EAS	0	0	0	0	PRJEB31736.2504	n/a	n/a	f
NA18973	NA18973	0	0	2	JPT	EAS	0	0	0	0	PRJEB31736.2504	n/a	n/a	f
NA18974	NA18974	0	0	1	JPT	EAS	0	0	0	0	PRJEB31736.2504	n/a	n/a	m
NA18975	NA18975	0	0	2	JPT	EAS	0	0	0	0	PRJEB31736.2504	n/a	n/a	f
NA18976	NA18976	0	0	2	JPT	EAS	0	0	0	0	PRJEB31736.2504	n/a	n/a	f
NA18977	NA18977	0	0	1	JPT	EAS	0	0	0	0	PRJEB31736.2504	n/a	n/a	m
NA18978	NA18978	0	0	2	JPT	EAS	0	0	0	0	PRJEB31736.2504	n/a	n/a	f
NA18979	NA18979	0	0	2	JPT	EAS	0	0	0	0	PRJEB31736.2504	n/a	n/a	f
NA18980	NA18980	0	0	2	JPT	EAS	0	0	0	0	PRJEB31736.2504	n/a	n/a	f
NA18981	NA18981	0	0	2	JPT	EAS	0	0	0	0	PRJEB31736.2504	n/a	n/a	f
NA18982	NA18982	0	0	1	JPT	EAS	0	0	0	0	PRJEB31736.2504	n/a	n/a	m
NA18983	NA18983	0	0	1	JPT	EAS	0	0	0	0	PRJEB31736.2504	n/a	n/a	m
NA18984	NA18984	0	0	1	JPT	EAS	0	0	0	0	PRJEB31736.2504	n/a	n/a	m
NA18985	NA18985	0	0	1	JPT	EAS	0	0	0	0	PRJEB31736.2504	n/a	n/a	m
NA18986	NA18986	0	0	1	JPT	EAS	0	0	0	0	PRJEB31736.2504	n/a	n/a	m
NA18987	NA18987	0	0	2	JPT	EAS	0	0	0	0	PRJEB31736.2504	n/a	n/a	f
NA18988	NA18988	0	0	1	JPT	EAS	0	0	0	0	PRJEB31736.2504	n/a	n/a	m
NA18989	NA18989	0	0	1	JPT	EAS	0	0	0	0	PRJEB31736.2504	n/a	n/a	m
NA18990	NA18990	0	0	1	JPT	EAS	0	0	0	0	PRJEB31736.2504	n/a	n/a	m
NA18991	NA18991	0	0	2	JPT	EAS	0	0	0	0	PRJEB31736.2504	n/a	n/a	f
NA18992	NA18992	0	0	2	JPT	EAS	0	0	0	0	PRJEB31736.2504	n/a	n/a	f
NA18993	NA18993	0	0	2	JPT	EAS	0	0	0	0	PRJEB31736.2504	n/a	n/a	f
NA18994	NA18994	0	0	1	JPT	EAS	0	0	0	0	PRJEB31736.2504	n/a	n/a	m
NA18995	NA18995	0	0	1	JPT	EAS	0	0	0	0	PRJEB31736.2504	n/a	n/a	m
NA18997	NA18997	0	0	2	JPT	EAS	0	0	0	0	PRJEB31736.2504	n/a	n/a	f
NA18998	NA18998	0	0	2	JPT	EAS	0	0	0	0	PRJEB31736.2504	n/a	n/a	f
NA18999	NA18999	0	0	2	JPT	EAS	0	0	0	0	PRJEB31736.2504	n/a	n/a	f
NA19000	NA19000	0	0	1	JPT	EAS	0	0	0	0	PRJEB31736.2504	n/a	n/a	m
NA19001	NA19001	0	0	2	JPT	EAS	0	0	0	0	PRJEB31736.2504	n/a	n/a	f
NA19002	NA19002	0	0	2	JPT	EAS	0	0	0	0	PRJEB31736.2504	n/a	n/a	f
NA19003	NA19003	0	0	2	JPT	EAS	0	0	0	0	PRJEB31736.2504	n/a	n/a	f
NA19004	NA19004	0	0	1	JPT	EAS	0	0	0	0	PRJEB31736.2504	n/a	n/a	m
NA19005	NA19005	0	0	1	JPT	EAS	0	0	0	0	PRJEB31736.2504	n/a	n/a	m
NA19006	NA19006	0	0	1	JPT	EAS	0	0	0	0	PRJEB31736.2504	n/a	n/a	m
NA19007	NA19007	0	0	1	JPT	EAS	0	0	0	0	PRJEB31736.2504	n/a	n/a	m
NA19009	NA19009	0	0	1	JPT	EAS	0	0	0	0	PRJEB31736.2504	n/a	n/a	m
NA19010	NA19010	0	0	2	JPT	EAS	0	0	0	0	PRJEB31736.2504	n/a	n/a	f
NA19011	NA19011	0	0	2	JPT	EAS	0	0	0	0	PRJEB31736.2504	n/a	n/a	f
NA19012	NA19012	0	0	1	JPT	EAS	0	0	0	0	PRJEB31736.2504	n/a	n/a	m
NA19054	NA19054	0	0	2	JPT	EAS	0	0	0	0	PRJEB31736.2504	n/a	n/a	f
NA19055	NA19055	0	0	1	JPT	EAS	0	0	0	0	PRJEB31736.2504	n/a	n/a	m
NA19056	NA19056	0	0	1	JPT	EAS	0	0	0	0	PRJEB31736.2504	n/a	n/a	m
NA19057	NA19057	0	0	2	JPT	EAS	0	0	0	0	PRJEB31736.2504	n/a	n/a	f
NA19058	NA19058	0	0	1	JPT	EAS	0	0	0	0	PRJEB31736.2504	n/a	n/a	m
NA19059	NA19059	0	0	2	JPT	EAS	0	0	0	0	PRJEB31736.2504	n/a	n/a	f
NA19060	NA19060	0	0	1	JPT	EAS	0	0	0	0	PRJEB31736.2504	n/a	n/a	m
NA19062	NA19062	0	0	1	JPT	EAS	0	0	0	0	PRJEB31736.2504	n/a	n/a	m
NA19063	NA19063	0	0	1	JPT	EAS	0	0	0	0	PRJEB31736.2504	n/a	n/a	m
NA19064	NA19064	0	0	2	JPT	EAS	0	0	0	0	PRJEB31736.2504	n/a	n/a	f
NA19065	NA19065	0	0	2	JPT	EAS	0	0	0	0	PRJEB31736.2504	n/a	n/a	f
NA19066	NA19066	0	0	1	JPT	EAS	0	0	0	0	PRJEB31736.2504	n/a	n/a	m
NA19067	NA19067	0	0	1	JPT	EAS	0	0	0	0	PRJEB31736.2504	n/a	n/a	m
NA19068	NA19068	0	0	1	JPT	EAS	0	0	0	0	PRJEB31736.2504	n/a	n/a	m
NA19070	NA19070	0	0	1	JPT	EAS	0	0	0	0	PRJEB31736.2504	n/a	n/a	m
NA19072	NA19072	0	0	1	JPT	EAS	0	0	0	0	PRJEB31736.2504	n/a	n/a	m
NA19074	NA19074	0	0	2	JPT	EAS	0	0	0	0	PRJEB31736.2504	n/a	n/a	f
NA19075	NA19075	0	0	1	JPT	EAS	0	0	0	0	PRJEB31736.2504	n/a	n/a	m
NA19076	NA19076	0	0	1	JPT	EAS	0	0	0	0	PRJEB31736.2504	n/a	n/a	m
NA19077	NA19077	0	0	2	JPT	EAS	0	0	0	0	PRJEB31736.2504	n/a	n/a	f
NA19078	NA19078	0	0	2	JPT	EAS	0	0	0	0	PRJEB31736.2504	n/a	n/a	f
NA19079	NA19079	0	0	1	JPT	EAS	0	0	0	0	PRJEB31736.2504	n/a	n/a	m
NA19080	NA19080	0	0	2	JPT	EAS	0	0	0	0	PRJEB31736.2504	n/a	n/a	f
NA19081	NA19081	0	0	2	JPT	EAS	0	0	0	0	PRJEB31736.2504	n/a	n/a	f
NA19082	NA19082	0	0	1	JPT	EAS	0	0	0	0	PRJEB31736.2504	n/a	n/a	m
NA19083	NA19083	0	0	1	JPT	EAS	0	0	0	0	PRJEB31736.2504	n/a	n/a	m
NA19084	NA19084	0	0	2	JPT	EAS	0	0	0	0	PRJEB31736.2504	n/a	n/a	f
NA19085	NA19085	0	0	1	JPT	EAS	0	0	0	0	PRJEB31736.2504	n/a	n/a	m
NA19086	NA19086	0	0	1	JPT	EAS	0	0	0	0	PRJEB31736.2504	n/a	n/a	m
NA19087	NA19087	0	0	2	JPT	EAS	0	0	0	0	PRJEB31736.2504	n/a	n/a	f
NA19088	NA19088	0	0	1	JPT	EAS	0	0	0	0	PRJEB31736.2504	n/a	n/a	m
NA19089	NA19089	0	0	1	JPT	EAS	0	0	0	0	PRJEB31736.2504	n/a	n/a	m
NA19090	NA19090	0	0	2	JPT	EAS	0	0	0	0	PRJEB31736.2504	n/a	n/a	f
NA19091	NA19091	0	0	1	JPT	EAS	0	0	0	0	PRJEB31736.2504	n/a	n/a	m
VN001	HG01595	0	0	2	KHV	EAS	0	0	0	0	PRJEB31736.2504	n/a	n/a	f
VN002	HG01596	0	0	1	KHV	EAS	0	0	0	0	PRJEB31736.2504	n/a	n/a	m
VN003	HG01597	0	0	2	KHV	EAS	0	0	0	0	PRJEB31736.2504	n/a	n/a	f
VN004	HG01598	0	0	2	KHV	EAS	0	0	0	0	PRJEB31736.2504	n/a	n/a	f
VN005	HG01599	0	0	2	KHV	EAS	0	0	0	0	PRJEB31736.2504	n/a	n/a	f
VN006	HG01600	0	0	2	KHV	EAS	0	0	0	0	PRJEB31736.2504	n/a	n/a	f
VN007	HG01840	0	0	1	KHV	EAS	0	0	0	0	PRJEB31736.2504	n/a	n/a	m
VN008	HG01841	0	0	2	KHV	EAS	0	0	0	0	PRJEB31736.2504	n/a	n/a	f
VN009	HG01842	0	0	1	KHV	EAS	0	0	0	0	PRJEB31736.2504	n/a	n/a	m
VN010	HG01843	0	0	2	KHV	EAS	0	0	0	0	PRJEB31736.2504	n/a	n/a	f
VN011	HG01844	0	0	1	KHV	EAS	0	0	0	0	PRJEB31736.2504	n/a	n/a	m
VN012	HG01845	0	0	2	KHV	EAS	0	0	0	0	PRJEB31736.2504	n/a	n/a	f
VN013	HG01846	0	0	1	KHV	EAS	0	0	0	0	PRJEB31736.2504	n/a	n/a	m
VN014	HG01847	0	0	2	KHV	EAS	0	0	0	0	PRJEB31736.2504	n/a	n/a	f
VN015	HG01848	0	0	2	KHV	EAS	0	0	0	0	PRJEB31736.2504	n/a	n/a	f
VN016	HG01849	0	0	1	KHV	EAS	0	0	0	0	PRJEB31736.2504	n/a	n/a	m
VN017	HG01850	0	0	2	KHV	EAS	0	0	0	0	PRJEB31736.2504	n/a	n/a	f
VN018	HG01851	0	0	2	KHV	EAS	0	0	0	0	PRJEB31736.2504	n/a	n/a	f
VN019	HG01852	0	0	1	KHV	EAS	0	0	0	0	PRJEB31736.2504	n/a	n/a	m
VN020	HG01853	0	0	2	KHV	EAS	0	0	0	0	PRJEB31736.2504	n/a	n/a	f
VN022	HG01855	0	0	2	KHV	EAS	0	0	0	0	PRJEB31736.2504	n/a	n/a	f
VN024	HG01857	0	0	2	KHV	EAS	0	0	0	0	PRJEB31736.2504	n/a	n/a	f
VN025	HG01858	0	0	2	KHV	EAS	0	0	0	0	PRJEB31736.2504	n/a	n/a	f
VN026	HG01859	0	0	2	KHV	EAS	0	0	0	0	PRJEB31736.2504	n/a	n/a	f
VN027	HG01860	0	0	1	KHV	EAS	0	0	0	0	PRJEB31736.2504	n/a	n/a	m
VN028	HG01861	0	0	1	KHV	EAS	0	0	0	0	PRJEB31736.2504	n/a	n/a	m
VN029	HG01862	0	0	2	KHV	EAS	0	0	0	0	PRJEB31736.2504	n/a	n/a	f
VN030	HG01863	0	0	2	KHV	EAS	0	0	0	0	PRJEB31736.2504	n/a	n/a	f
VN031	HG01864	0	0	1	KHV	EAS	0	0	0	0	PRJEB31736.2504	n/a	n/a	m
VN032	HG01865	0	0	1	KHV	EAS	0	0	0	0	PRJEB31736.2504	n/a	n/a	m
VN033	HG01866	0	0	1	KHV	EAS	0	0	0	0	PRJEB31736.2504	n/a	n/a	m
VN034	HG01867	0	0	1	KHV	EAS	0	0	0	0	PRJEB31736.2504	n/a	n/a	m
VN035	HG01868	0	0	2	KHV	EAS	0	0	0	0	PRJEB31736.2504	n/a	n/a	f
VN036	HG01869	0	0	2	KHV	EAS	0	0	0	0	PRJEB31736.2504	n/a	n/a	f
VN037	HG01870	0	0	2	KHV	EAS	0	0	0	0	PRJEB31736.2504	n/a	n/a	f
VN038	HG01871	0	0	2	KHV	EAS	0	0	0	0	PRJEB31736.2504	n/a	n/a	f
VN039	HG01872	0	0	1	KHV	EAS	0	0	0	0	PRJEB31736.2504	n/a	n/a	m
VN040	HG01873	0	0	1	KHV	EAS	0	0	0	0	PRJEB31736.2504	n/a	n/a	m
VN041	HG01874	0	0	2	KHV	EAS	0	0	0	0	PRJEB31736.2504	n/a	n/a	f
VN045	HG01878	0	0	2	KHV	EAS	0	0	0	0	PRJEB31736.2504	n/a	n/a	f
VN048	HG02023	0	0	1	KHV	EAS	0	0	0	0	PRJEB31736.2504	n/a	n/a	m
VN052	HG02035	0	0	1	KHV	EAS	0	0	0	0	PRJEB31736.2504	n/a	n/a	m
VN054	HG02040	0	0	1	KHV	EAS	0	0	0	0	PRJEB31736.2504	n/a	n/a	m
VN056	HG02047	0	0	1	KHV	EAS	0	0	0	0	PRJEB31736.2504	n/a	n/a	m
VN057	HG02048	0	0	2	KHV	EAS	0	0	0	0	PRJEB31736.2504	n/a	n/a	f
VN058	HG02049	0	0	2	KHV	EAS	0	0	0	0	PRJEB31736.2504	n/a	n/a	f
VN059	HG02050	0	0	1	KHV	EAS	0	0	0	0	PRJEB31736.2504	n/a	n/a	m
VN062	HG02064	0	0	1	KHV	EAS	0	0	0	0	PRJEB31736.2504	n/a	n/a	m
VN063	HG02067	0	0	1	KHV	EAS	0	0	0	0	PRJEB31736.2504	n/a	n/a	m
VN070	HG02086	0	0	2	KHV	EAS	0	0	0	0	PRJEB31736.2504	n/a	n/a	f
VN071	HG02087	0	0	2	KHV	EAS	0	0	0	0	PRJEB31736.2504	n/a	n/a	f
VN072	HG02088	0	0	1	KHV	EAS	0	0	0	0	PRJEB31736.2504	n/a	n/a	m
VN073	HG02113	0	0	2	KHV	EAS	0	0	0	0	PRJEB31736.2504	n/a	n/a	f
VN074	HG02116	0	0	1	KHV	EAS	0	0	0	0	PRJEB31736.2504	n/a	n/a	m
VN082	HG02138	0	0	1	KHV	EAS	0	0	0	0	PRJEB31736.2504	n/a	n/a	m
VN083	HG02139	0	0	2	KHV	EAS	0	0	0	0	PRJEB31736.2504	n/a	n/a	f
VN084	HG02140	0	0	2	KHV	EAS	0	0	0	0	PRJEB31736.2504	n/a	n/a	f
VN085	HG02141	0	0	1	KHV	EAS	0	0	0	0	PRJEB31736.2504	n/a	n/a	m
VN086	HG02142	0	0	2	KHV	EAS	0	0	0	0	PRJEB31736.2504	n/a	n/a	f
HG00171	HG00171	0	0	2	FIN	EUR	0	0	0	0	PRJEB31736.2504	n/a	n/a	f
HG00173	HG00173	0	0	2	FIN	EUR	0	0	0	0	PRJEB31736.2504	n/a	n/a	f
HG00174	HG00174	0	0	2	FIN	EUR	0	0	0	0	PRJEB31736.2504	n/a	n/a	f
HG00176	HG00176	0	0	2	FIN	EUR	0	0	0	0	PRJEB31736.2504	n/a	n/a	f
HG00177	HG00177	0	0	2	FIN	EUR	0	0	0	0	PRJEB31736.2504	n/a	n/a	f
HG00178	HG00178	0	0	2	FIN	EUR	0	0	0	0	PRJEB31736.2504	n/a	n/a	f
HG00179	HG00179	0	0	2	FIN	EUR	0	0	0	0	PRJEB31736.2504	n/a	n/a	f
HG00180	HG00180	0	0	2	FIN	EUR	0	0	0	0	PRJEB31736.2504	n/a	n/a	f
HG00181	HG00181	0	0	1	FIN	EUR	0	0	0	0	PRJEB31736.2504	n/a	n/a	m
HG00182	HG00182	0	0	1	FIN	EUR	0	0	0	0	PRJEB31736.2504	n/a	n/a	m
HG00183	HG00183	0	0	1	FIN	EUR	0	0	0	0	PRJEB31736.2504	n/a	n/a	m
HG00185	HG00185	0	0	1	FIN	EUR	0	0	0	0	PRJEB31736.2504	n/a	n/a	m
HG00186	HG00186	0	0	1	FIN	EUR	0	0	0	0	PRJEB31736.2504	n/a	n/a	m
HG00187	HG00187	0	0	1	FIN	EUR	0	0	0	0	PRJEB31736.2504	n/a	n/a	m
HG00188	HG00188	0	0	1	FIN	EUR	0	0	0	0	PRJEB31736.2504	n/a	n/a	m
HG00189	HG00189	0	0	1	FIN	EUR	0	0	0	0	PRJEB31736.2504	n/a	n/a	m
HG00190	HG00190	0	0	1	FIN	EUR	0	0	0	0	PRJEB31736.2504	n/a	n/a	m
HG00266	HG00266	0	0	2	FIN	EUR	0	0	0	0	PRJEB31736.2504	n/a	n/a	f
HG00267	HG00267	0	0	1	FIN	EUR	0	0	0	0	PRJEB31736.2504	n/a	n/a	m
HG00268	HG00268	0	0	2	FIN	EUR	0	0	0	0	PRJEB31736.2504	n/a	n/a	f
HG00269	HG00269	0	0	2	FIN	EUR	0	0	0	0	PRJEB31736.2504	n/a	n/a	f
HG00271	HG00271	0	0	1	FIN	EUR	0	0	0	0	PRJEB31736.2504	n/a	n/a	m
HG00272	HG00272	0	0	2	FIN	EUR	0	0	0	0	PRJEB31736.2504	n/a	n/a	f
HG00273	HG00273	0	0	1	FIN	EUR	0	0	0	0	PRJEB31736.2504	n/a	n/a	m
HG00274	HG00274	0	0	2	FIN	EUR	0	0	0	0	PRJEB31736.2504	n/a	n/a	f
HG00275	HG00275	0	0	2	FIN	EUR	0	0	0	0	PRJEB31736.2504	n/a	n/a	f
HG00276	HG00276	0	0	2	FIN	EUR	0	0	0	0	PRJEB31736.2504	n/a	n/a	f
HG00277	HG00277	0	0	1	FIN	EUR	0	0	0	0	PRJEB31736.2504	n/a	n/a	m
HG00278	HG00278	0	0	1	FIN	EUR	0	0	0	0	PRJEB31736.2504	n/a	n/a	m
HG00280	HG00280	0	0	1	FIN	EUR	0	0	0	0	PRJEB31736.2504	n/a	n/a	m
HG00281	HG00281	0	0	2	FIN	EUR	0	0	0	0	PRJEB31736.2504	n/a	n/a	f
HG00282	HG00282	0	0	2	FIN	EUR	0	0	0	0	PRJEB31736.2504	n/a	n/a	f
HG00284	HG00284	0	0	1	FIN	EUR	0	0	0	0	PRJEB31736.2504	n/a	n/a	m
HG00285	HG00285	0	0	2	FIN	EUR	0	0	0	0	PRJEB31736.2504	n/a	n/a	f
HG00288	HG00288	0	0	2	FIN	EUR	0	0	0	0	PRJEB31736.2504	n/a	n/a	f
HG00290	HG00290	0	0	1	FIN	EUR	0	0	0	0	PRJEB31736.2504	n/a	n/a	m
HG00304	HG00304	0	0	2	FIN	EUR	0	0	0	0	PRJEB31736.2504	n/a	n/a	f
HG00306	HG00306	0	0	2	FIN	EUR	0	0	0	0	PRJEB31736.2504	n/a	n/a	f
HG00308	HG00308	0	0	1	FIN	EUR	0	0	0	0	PRJEB31736.2504	n/a	n/a	m
HG00309	HG00309	0	0	2	FIN	EUR	0	0	0	0	PRJEB31736.2504	n/a	n/a	f
HG00310	HG00310	0	0	1	FIN	EUR	0	0	0	0	PRJEB31736.2504	n/a	n/a	m
HG00311	HG00311	0	0	1	FIN	EUR	0	0	0	0	PRJEB31736.2504	n/a	n/a	m
HG00313	HG00313	0	0	2	FIN	EUR	0	0	0	0	PRJEB31736.2504	n/a	n/a	f
HG00315	HG00315	0	0	2	FIN	EUR	0	0	0	0	PRJEB31736.2504	n/a	n/a	f
HG00318	HG00318	0	0	2	FIN	EUR	0	0	0	0	PRJEB31736.2504	n/a	n/a	f
HG00319	HG00319	0	0	2	FIN	EUR	0	0	0	0	PRJEB31736.2504	n/a	n/a	f
HG00320	HG00320	0	0	2	FIN	EUR	0	0	0	0	PRJEB31736.2504	n/a	n/a	f
HG00321	HG00321	0	0	1	FIN	EUR	0	0	0	0	PRJEB31736.2504	n/a	n/a	m
HG00323	HG00323	0	0	2	FIN	EUR	0	0	0	0	PRJEB31736.2504	n/a	n/a	f
HG00324	HG00324	0	0	2	FIN	EUR	0	0	0	0	PRJEB31736.2504	n/a	n/a	f
HG00325	HG00325	0	0	1	FIN	EUR	0	0	0	0	PRJEB31736.2504	n/a	n/a	m
HG00326	HG00326	0	0	2	FIN	EUR	0	0	0	0	PRJEB31736.2504	n/a	n/a	f
HG00327	HG00327	0	0	2	FIN	EUR	0	0	0	0	PRJEB31736.2504	n/a	n/a	f
HG00328	HG00328	0	0	2	FIN	EUR	0	0	0	0	PRJEB31736.2504	n/a	n/a	f
HG00329	HG00329	0	0	1	FIN	EUR	0	0	0	0	PRJEB31736.2504	n/a	n/a	m
HG00330	HG00330	0	0	2	FIN	EUR	0	0	0	0	PRJEB31736.2504	n/a	n/a	f
HG00331	HG00331	0	0	2	FIN	EUR	0	0	0	0	PRJEB31736.2504	n/a	n/a	f
HG00332	HG00332	0	0	2	FIN	EUR	0	0	0	0	PRJEB31736.2504	n/a	n/a	f
HG00334	HG00334	0	0	2	FIN	EUR	0	0	0	0	PRJEB31736.2504	n/a	n/a	f
HG00335	HG00335	0	0	1	FIN	EUR	0	0	0	0	PRJEB31736.2504	n/a	n/a	m
HG00336	HG00336	0	0	1	FIN	EUR	0	0	0	0	PRJEB31736.2504	n/a	n/a	m
HG00337	HG00337	0	0	2	FIN	EUR	0	0	0	0	PRJEB31736.2504	n/a	n/a	f
HG00338	HG00338	0	0	1	FIN	EUR	0	0	0	0	PRJEB31736.2504	n/a	n/a	m
HG00339	HG00339	0	0	2	FIN	EUR	0	0	0	0	PRJEB31736.2504	n/a	n/a	f
HG00341	HG00341	0	0	1	FIN	EUR	0	0	0	0	PRJEB31736.2504	n/a	n/a	m
HG00342	HG00342	0	0	1	FIN	EUR	0	0	0	0	PRJEB31736.2504	n/a	n/a	m
HG00343	HG00343	0	0	2	FIN	EUR	0	0	0	0	PRJEB31736.2504	n/a	n/a	f
HG00344	HG00344	0	0	2	FIN	EUR	0	0	0	0	PRJEB31736.2504	n/a	n/a	f
HG00345	HG00345	0	0	1	FIN	EUR	0	0	0	0	PRJEB31736.2504	n/a	n/a	m
HG00346	HG00346	0	0	2	FIN	EUR	0	0	0	0	PRJEB31736.2504	n/a	n/a	f
HG00349	HG00349	0	0	2	FIN	EUR	0	0	0	0	PRJEB31736.2504	n/a	n/a	f
HG00350	HG00350	0	0	2	FIN	EUR	0	0	0	0	PRJEB31736.2504	n/a	n/a	f
HG00351	HG00351	0	0	1	FIN	EUR	0	0	0	0	PRJEB31736.2504	n/a	n/a	m
HG00353	HG00353	0	0	2	FIN	EUR	0	0	0	0	PRJEB31736.2504	n/a	n/a	f
HG00355	HG00355	0	0	2	FIN	EUR	0	0	0	0	PRJEB31736.2504	n/a	n/a	f
HG00356	HG00356	0	0	2	FIN	EUR	0	0	0	0	PRJEB31736.2504	n/a	n/a	f
HG00357	HG00357	0	0	2	FIN	EUR	0	0	0	0	PRJEB31736.2504	n/a	n/a	f
HG00358	HG00358	0	0	1	FIN	EUR	0	0	0	0	PRJEB31736.2504	n/a	n/a	m
HG00360	HG00360	0	0	1	FIN	EUR	0	0	0	0	PRJEB31736.2504	n/a	n/a	m
HG00361	HG00361	0	0	2	FIN	EUR	0	0	0	0	PRJEB31736.2504	n/a	n/a	f
HG00362	HG00362	0	0	2	FIN	EUR	0	0	0	0	PRJEB31736.2504	n/a	n/a	f
HG00364	HG00364	0	0	2	FIN	EUR	0	0	0	0	PRJEB31736.2504	n/a	n/a	f
HG00365	HG00365	0	0	2	FIN	EUR	0	0	0	0	PRJEB31736.2504	n/a	n/a	f
HG00366	HG00366	0	0	1	FIN	EUR	0	0	0	0	PRJEB31736.2504	n/a	n/a	m
HG00367	HG00367	0	0	2	FIN	EUR	0	0	0	0	PRJEB31736.2504	n/a	n/a	f
HG00368	HG00368	0	0	2	FIN	EUR	0	0	0	0	PRJEB31736.2504	n/a	n/a	f
HG00369	HG00369	0	0	1	FIN	EUR	0	0	0	0	PRJEB31736.2504	n/a	n/a	m
HG00371	HG00371	0	0	1	FIN	EUR	0	0	0	0	PRJEB31736.2504	n/a	n/a	m
HG00372	HG00372	0	0	1	FIN	EUR	0	0	0	0	PRJEB31736.2504	n/a	n/a	m
HG00373	HG00373	0	0	2	FIN	EUR	0	0	0	0	PRJEB31736.2504	n/a	n/a	f
HG00375	HG00375	0	0	1	FIN	EUR	0	0	0	0	PRJEB31736.2504	n/a	n/a	m
HG00376	HG00376	0	0	2	FIN	EUR	0	0	0	0	PRJEB31736.2504	n/a	n/a	f
HG00378	HG00378	0	0	2	FIN	EUR	0	0	0	0	PRJEB31736.2504	n/a	n/a	f
HG00379	HG00379	0	0	2	FIN	EUR	0	0	0	0	PRJEB31736.2504	n/a	n/a	f
HG00380	HG00380	0	0	2	FIN	EUR	0	0	0	0	PRJEB31736.2504	n/a	n/a	f
HG00381	HG00381	0	0	2	FIN	EUR	0	0	0	0	PRJEB31736.2504	n/a	n/a	f
HG00382	HG00382	0	0	1	FIN	EUR	0	0	0	0	PRJEB31736.2504	n/a	n/a	m
HG00383	HG00383	0	0	2	FIN	EUR	0	0	0	0	PRJEB31736.2504	n/a	n/a	f
HG00384	HG00384	0	0	2	FIN	EUR	0	0	0	0	PRJEB31736.2504	n/a	n/a	f
GBR002	HG00146	0	0	2	GBR	EUR	0	0	0	0	PRJEB31736.2504	n/a	n/a	f
GBR003	HG00158	0	0	2	GBR	EUR	0	0	0	0	PRJEB31736.2504	n/a	n/a	f
HG00096	HG00096	0	0	1	GBR	EUR	0	0	0	0	PRJEB31736.2504	n/a	n/a	m
HG00097	HG00097	0	0	2	GBR	EUR	0	0	0	0	PRJEB31736.2504	n/a	n/a	f
HG00099	HG00099	0	0	2	GBR	EUR	0	0	0	0	PRJEB31736.2504	n/a	n/a	f
HG00100	HG00100	0	0	2	GBR	EUR	0	0	0	0	PRJEB31736.2504	n/a	n/a	f
HG00101	HG00101	0	0	1	GBR	EUR	0	0	0	0	PRJEB31736.2504	n/a	n/a	m
HG00102	HG00102	0	0	2	GBR	EUR	0	0	0	0	PRJEB31736.2504	n/a	n/a	f
HG00103	HG00103	0	0	1	GBR	EUR	0	0	0	0	PRJEB31736.2504	n/a	n/a	m
HG00105	HG00105	0	0	1	GBR	EUR	0	0	0	0	PRJEB31736.2504	n/a	n/a	m
HG00106	HG00106	0	0	2	GBR	EUR	0	0	0	0	PRJEB31736.2504	n/a	n/a	f
HG00107	HG00107	0	0	1	GBR	EUR	0	0	0	0	PRJEB31736.2504	n/a	n/a	m
HG00108	HG00108	0	0	1	GBR	EUR	0	0	0	0	PRJEB31736.2504	n/a	n/a	m
HG00109	HG00109	0	0	1	GBR	EUR	0	0	0	0	PRJEB31736.2504	n/a	n/a	m
HG00110	HG00110	0	0	2	GBR	EUR	0	0	0	0	PRJEB31736.2504	n/a	n/a	f
HG00111	HG00111	0	0	2	GBR	EUR	0	0	0	0	PRJEB31736.2504	n/a	n/a	f
HG00112	HG00112	0	0	1	GBR	EUR	0	0	0	0	PRJEB31736.2504	n/a	n/a	m
HG00113	HG00113	0	0	1	GBR	EUR	0	0	0	0	PRJEB31736.2504	n/a	n/a	m
HG00114	HG00114	0	0	1	GBR	EUR	0	0	0	0	PRJEB31736.2504	n/a	n/a	m
HG00115	HG00115	0	0	1	GBR	EUR	0	0	0	0	PRJEB31736.2504	n/a	n/a	m
HG00116	HG00116	0	0	1	GBR	EUR	0	0	0	0	PRJEB31736.2504	n/a	n/a	m
HG00117	HG00117	0	0	1	GBR	EUR	0	0	0	0	PRJEB31736.2504	n/a	n/a	m
HG00118	HG00118	0	0	2	GBR	EUR	0	0	0	0	PRJEB31736.2504	n/a	n/a	f
HG00119	HG00119	0	0	1	GBR	EUR	0	0	0	0	PRJEB31736.2504	n/a	n/a	m
HG00120	HG00120	0	0	2	GBR	EUR	0	0	0	0	PRJEB31736.2504	n/a	n/a	f
HG00121	HG00121	0	0	2	GBR	EUR	0	0	0	0	PRJEB31736.2504	n/a	n/a	f
HG00122	HG00122	0	0	2	GBR	EUR	0	0	0	0	PRJEB31736.2504	n/a	n/a	f
HG00123	HG00123	0	0	2	GBR	EUR	0	0	0	0	PRJEB31736.2504	n/a	n/a	f
HG00125	HG00125	0	0	2	GBR	EUR	0	0	0	0	PRJEB31736.2504	n/a	n/a	f
HG00126	HG00126	0	0	1	GBR	EUR	0	0	0	0	PRJEB31736.2504	n/a	n/a	m
HG00127	HG00127	0	0	2	GBR	EUR	0	0	0	0	PRJEB31736.2504	n/a	n/a	f
HG00128	HG00128	0	0	2	GBR	EUR	0	0	0	0	PRJEB31736.2504	n/a	n/a	f
HG00129	HG00129	0	0	1	GBR	EUR	0	0	0	0	PRJEB31736.2504	n/a	n/a	m
HG00130	HG00130	0	0	2	GBR	EUR	0	0	0	0	PRJEB31736.2504	n/a	n/a	f
HG00131	HG00131	0	0	1	GBR	EUR	0	0	0	0	PRJEB31736.2504	n/a	n/a	m
HG00132	HG00132	0	0	2	GBR	EUR	0	0	0	0	PRJEB31736.2504	n/a	n/a	f
HG00133	HG00133	0	0	2	GBR	EUR	0	0	0	0	PRJEB31736.2504	n/a	n/a	f
HG00136	HG00136	0	0	1	GBR	EUR	0	0	0	0	PRJEB31736.2504	n/a	n/a	m
HG00137	HG00137	0	0	2	GBR	EUR	0	0	0	0	PRJEB31736.2504	n/a	n/a	f
HG00138	HG00138	0	0	1	GBR	EUR	0	0	0	0	PRJEB31736.2504	n/a	n/a	m
HG00139	HG00139	0	0	1	GBR	EUR	0	0	0	0	PRJEB31736.2504	n/a	n/a	m
HG00140	HG00140	0	0	1	GBR	EUR	0	0	0	0	PRJEB31736.2504	n/a	n/a	m
HG00141	HG00141	0	0	1	GBR	EUR	0	0	0	0	PRJEB31736.2504	n/a	n/a	m
HG00142	HG00142	0	0	1	GBR	EUR	0	0	0	0	PRJEB31736.2504	n/a	n/a	m
HG00143	HG00143	0	0	1	GBR	EUR	0	0	0	0	PRJEB31736.2504	n/a	n/a	m
HG00145	HG00145	0	0	1	GBR	EUR	0	0	0	0	PRJEB31736.2504	n/a	n/a	m
HG00148	HG00148	0	0	1	GBR	EUR	0	0	0	0	PRJEB31736.2504	n/a	n/a	m
HG00149	HG00149	0	0	1	GBR	EUR	0	0	0	0	PRJEB31736.2504	n/a	n/a	m
HG00150	HG00150	0	0	2	GBR	EUR	0	0	0	0	PRJEB31736.2504	n/a	n/a	f
HG00151	HG00151	0	0	1	GBR	EUR	0	0	0	0	PRJEB31736.2504	n/a	n/a	m
HG00154	HG00154	0	0	2	GBR	EUR	0	0	0	0	PRJEB31736.2504	n/a	n/a	f
HG00157	HG00157	0	0	1	GBR	EUR	0	0	0	0	PRJEB31736.2504	n/a	n/a	m
HG00159	HG00159	0	0	1	GBR	EUR	0	0	0	0	PRJEB31736.2504	n/a	n/a	m
HG00160	HG00160	0	0	1	GBR	EUR	0	0	0	0	PRJEB31736.2504	n/a	n/a	m
HG00231	HG00231	0	0	2	GBR	EUR	0	0	0	0	PRJEB31736.2504	n/a	n/a	f
HG00232	HG00232	0	0	2	GBR	EUR	0	0	0	0	PRJEB31736.2504	n/a	n/a	f
HG00233	HG00233	0	0	2	GBR	EUR	0	0	0	0	PRJEB31736.2504	n/a	n/a	f
HG00234	HG00234	0	0	1	GBR	EUR	0	0	0	0	PRJEB31736.2504	n/a	n/a	m
HG00235	HG00235	0	0	2	GBR	EUR	0	0	0	0	PRJEB31736.2504	n/a	n/a	f
HG00236	HG00236	0	0	2	GBR	EUR	0	0	0	0	PRJEB31736.2504	n/a	n/a	f
HG00237	HG00237	0	0	2	GBR	EUR	0	0	0	0	PRJEB31736.2504	n/a	n/a	f
HG00238	HG00238	0	0	2	GBR	EUR	0	0	0	0	PRJEB31736.2504	n/a	n/a	f
HG00239	HG00239	0	0	2	GBR	EUR	0	0	0	0	PRJEB31736.2504	n/a	n/a	f
HG00240	HG00240	0	0	2	GBR	EUR	0	0	0	0	PRJEB31736.2504	n/a	n/a	f
HG00242	HG00242	0	0	1	GBR	EUR	0	0	0	0	PRJEB31736.2504	n/a	n/a	m
HG00243	HG00243	0	0	1	GBR	EUR	0	0	0	0	PRJEB31736.2504	n/a	n/a	m
HG00244	HG00244	0	0	1	GBR	EUR	0	0	0	0	PRJEB31736.2504	n/a	n/a	m
HG00245	HG00245	0	0	2	GBR	EUR	0	0	0	0	PRJEB31736.2504	n/a	n/a	f
HG00246	HG00246	0	0	1	GBR	EUR	0	0	0	0	PRJEB31736.2504	n/a	n/a	m
HG00250	HG00250	0	0	2	GBR	EUR	0	0	0	0	PRJEB31736.2504	n/a	n/a	f
HG00251	HG00251	0	0	1	GBR	EUR	0	0	0	0	PRJEB31736.2504	n/a	n/a	m
HG00252	HG00252	0	0	1	GBR	EUR	0	0	0	0	PRJEB31736.2504	n/a	n/a	m
HG00253	HG00253	0	0	2	GBR	EUR	0	0	0	0	PRJEB31736.2504	n/a	n/a	f
HG00254	HG00254	0	0	2	GBR	EUR	0	0	0	0	PRJEB31736.2504	n/a	n/a	f
HG00255	HG00255	0	0	2	GBR	EUR	0	0	0	0	PRJEB31736.2504	n/a	n/a	f
HG00256	HG00256	0	0	1	GBR	EUR	0	0	0	0	PRJEB31736.2504	n/a	n/a	m
HG00257	HG00257	0	0	2	GBR	EUR	0	0	0	0	PRJEB31736.2504	n/a	n/a	f
HG00258	HG00258	0	0	2	GBR	EUR	0	0	0	0	PRJEB31736.2504	n/a	n/a	f
HG00259	HG00259	0	0	2	GBR	EUR	0	0	0	0	PRJEB31736.2504	n/a	n/a	f
HG00260	HG00260	0	0	1	GBR	EUR	0	0	0	0	PRJEB31736.2504	n/a	n/a	m
HG00261	HG00261	0	0	2	GBR	EUR	0	0	0	0	PRJEB31736.2504	n/a	n/a	f
HG00262	HG00262	0	0	2	GBR	EUR	0	0	0	0	PRJEB31736.2504	n/a	n/a	f
HG00263	HG00263	0	0	2	GBR	EUR	0	0	0	0	PRJEB31736.2504	n/a	n/a	f
HG00264	HG00264	0	0	1	GBR	EUR	0	0	0	0	PRJEB31736.2504	n/a	n/a	m
HG00265	HG00265	0	0	1	GBR	EUR	0	0	0	0	PRJEB31736.2504	n/a	n/a	m
HG01334	HG01334	0	0	1	GBR	EUR	0	0	0	0	PRJEB31736.2504	n/a	n/a	m
HG01789	HG01789	0	0	1	GBR	EUR	0	0	0	0	PRJEB31736.2504	n/a	n/a	m
HG01790	HG01790	0	0	2	GBR	EUR	0	0	0	0	PRJEB31736.2504	n/a	n/a	f
HG01791	HG01791	0	0	1	GBR	EUR	0	0	0	0	PRJEB31736.2504	n/a	n/a	m
HG02215	HG02215	0	0	2	GBR	EUR	0	0	0	0	PRJEB31736.2504	n/a	n/a	f
IBS055	HG02219	0	0	1	IBS	EUR	0	0	0	0	PRJEB31736.2504	n/a	n/a	m
NA20502	NA20502	0	0	2	TSI	EUR	0	0	0	0	PRJEB31736.2504	n/a	n/a	f
NA20503	NA20503	0	0	2	TSI	EUR	0	0	0	0	PRJEB31736.2504	n/a	n/a	f
NA20504	NA20504	0	0	2	TSI	EUR	0	0	0	0	PRJEB31736.2504	n/a	n/a	f
NA20505	NA20505	0	0	2	TSI	EUR	0	0	0	0	PRJEB31736.2504	n/a	n/a	f
NA20506	NA20506	0	0	2	TSI	EUR	0	0	0	0	PRJEB31736.2504	n/a	n/a	f
NA20507	NA20507	0	0	2	TSI	EUR	0	0	0	0	PRJEB31736.2504	n/a	n/a	f
NA20508	NA20508	0	0	2	TSI	EUR	0	0	0	0	PRJEB31736.2504	n/a	n/a	f
NA20509	NA20509	0	0	1	TSI	EUR	0	0	0	0	PRJEB31736.2504	n/a	n/a	m
NA20510	NA20510	0	0	1	TSI	EUR	0	0	0	0	PRJEB31736.2504	n/a	n/a	m
NA20511	NA20511	0	0	1	TSI	EUR	0	0	0	0	PRJEB31736.2504	n/a	n/a	m
NA20512	NA20512	0	0	1	TSI	EUR	0	0	0	0	PRJEB31736.2504	n/a	n/a	m
NA20513	NA20513	0	0	1	TSI	EUR	0	0	0	0	PRJEB31736.2504	n/a	n/a	m
NA20514	NA20514	0	0	2	TSI	EUR	0	0	0	0	PRJEB31736.2504	n/a	n/a	f
NA20515	NA20515	0	0	1	TSI	EUR	0	0	0	0	PRJEB31736.2504	n/a	n/a	m
NA20516	NA20516	0	0	1	TSI	EUR	0	0	0	0	PRJEB31736.2504	n/a	n/a	m
NA20517	NA20517	0	0	2	TSI	EUR	0	0	0	0	PRJEB31736.2504	n/a	n/a	f
NA20518	NA20518	0	0	1	TSI	EUR	0	0	0	0	PRJEB31736.2504	n/a	n/a	m
NA20519	NA20519	0	0	1	TSI	EUR	0	0	0	0	PRJEB31736.2504	n/a	n/a	m
NA20520	NA20520	0	0	1	TSI	EUR	0	0	0	0	PRJEB31736.2504	n/a	n/a	m
NA20521	NA20521	0	0	1	TSI	EUR	0	0	0	0	PRJEB31736.2504	n/a	n/a	m
NA20522	NA20522	0	0	2	TSI	EUR	0	0	0	0	PRJEB31736.2504	n/a	n/a	f
NA20524	NA20524	0	0	1	TSI	EUR	0	0	0	0	PRJEB31736.2504	n/a	n/a	m
NA20525	NA20525	0	0	1	TSI	EUR	0	0	0	0	PRJEB31736.2504	n/a	n/a	m
NA20527	NA20527	0	0	1	TSI	EUR	0	0	0	0	PRJEB31736.2504	n/a	n/a	m
NA20528	NA20528	0	0	1	TSI	EUR	0	0	0	0	PRJEB31736.2504	n/a	n/a	m
NA20529	NA20529	0	0	2	TSI	EUR	0	0	0	0	PRJEB31736.2504	n/a	n/a	f
NA20530	NA20530	0	0	2	TSI	EUR	0	0	0	0	PRJEB31736.2504	n/a	n/a	f
NA20531	NA20531	0	0	2	TSI	EUR	0	0	0	0	PRJEB31736.2504	n/a	n/a	f
NA20532	NA20532	0	0	1	TSI	EUR	0	0	0	0	PRJEB31736.2504	n/a	n/a	m
NA20533	NA20533	0	0	2	TSI	EUR	0	0	0	0	PRJEB31736.2504	n/a	n/a	f
NA20534	NA20534	0	0	1	TSI	EUR	0	0	0	0	PRJEB31736.2504	n/a	n/a	m
NA20535	NA20535	0	0	2	TSI	EUR	0	0	0	0	PRJEB31736.2504	n/a	n/a	f
NA20536	NA20536	0	0	1	TSI	EUR	0	0	0	0	PRJEB31736.2504	n/a	n/a	m
NA20538	NA20538	0	0	1	TSI	EUR	0	0	0	0	PRJEB31736.2504	n/a	n/a	m
NA20539	NA20539	0	0	1	TSI	EUR	0	0	0	0	PRJEB31736.2504	n/a	n/a	m
NA20540	NA20540	0	0	2	TSI	EUR	0	0	0	0	PRJEB31736.2504	n/a	n/a	f
NA20541	NA20541	0	0	2	TSI	EUR	0	0	0	0	PRJEB31736.2504	n/a	n/a	f
NA20542	NA20542	0	0	2	TSI	EUR	0	0	0	0	PRJEB31736.2504	n/a	n/a	f
NA20543	NA20543	0	0	1	TSI	EUR	0	0	0	0	PRJEB31736.2504	n/a	n/a	m
NA20544	NA20544	0	0	1	TSI	EUR	0	0	0	0	PRJEB31736.2504	n/a	n/a	m
NA20581	NA20581	0	0	1	TSI	EUR	0	0	0	0	PRJEB31736.2504	n/a	n/a	m
NA20582	NA20582	0	0	2	TSI	EUR	0	0	0	0	PRJEB31736.2504	n/a	n/a	f
NA20585	NA20585	0	0	2	TSI	EUR	0	0	0	0	PRJEB31736.2504	n/a	n/a	f
NA20586	NA20586	0	0	1	TSI	EUR	0	0	0	0	PRJEB31736.2504	n/a	n/a	m
NA20587	NA20587	0	0	2	TSI	EUR	0	0	0	0	PRJEB31736.2504	n/a	n/a	f
NA20588	NA20588	0	0	1	TSI	EUR	0	0	0	0	PRJEB31736.2504	n/a	n/a	m
NA20589	NA20589	0	0	2	TSI	EUR	0	0	0	0	PRJEB31736.2504	n/a	n/a	f
NA20752	NA20752	0	0	1	TSI	EUR	0	0	0	0	PRJEB31736.2504	n/a	n/a	m
NA20753	NA20753	0	0	2	TSI	EUR	0	0	0	0	PRJEB31736.2504	n/a	n/a	f
NA20754	NA20754	0	0	1	TSI	EUR	0	0	0	0	PRJEB31736.2504	n/a	n/a	m
NA20755	NA20755	0	0	1	TSI	EUR	0	0	0	0	PRJEB31736.2504	n/a	n/a	m
NA20756	NA20756	0	0	2	TSI	EUR	0	0	0	0	PRJEB31736.2504	n/a	n/a	f
NA20757	NA20757	0	0	2	TSI	EUR	0	0	0	0	PRJEB31736.2504	n/a	n/a	f
NA20758	NA20758	0	0	1	TSI	EUR	0	0	0	0	PRJEB31736.2504	n/a	n/a	m
NA20759	NA20759	0	0	1	TSI	EUR	0	0	0	0	PRJEB31736.2504	n/a	n/a	m
NA20760	NA20760	0	0	2	TSI	EUR	0	0	0	0	PRJEB31736.2504	n/a	n/a	f
NA20761	NA20761	0	0	2	TSI	EUR	0	0	0	0	PRJEB31736.2504	n/a	n/a	f
NA20762	NA20762	0	0	1	TSI	EUR	0	0	0	0	PRJEB31736.2504	n/a	n/a	m
NA20763	NA20763	0	0	1	TSI	EUR	0	0	0	0	PRJEB31736.2504	n/a	n/a	m
NA20764	NA20764	0	0	2	TSI	EUR	0	0	0	0	PRJEB31736.2504	n/a	n/a	f
NA20765	NA20765	0	0	1	TSI	EUR	0	0	0	0	PRJEB31736.2504	n/a	n/a	m
NA20766	NA20766	0	0	2	TSI	EUR	0	0	0	0	PRJEB31736.2504	n/a	n/a	f
NA20767	NA20767	0	0	1	TSI	EUR	0	0	0	0	PRJEB31736.2504	n/a	n/a	m
NA20768	NA20768	0	0	2	TSI	EUR	0	0	0	0	PRJEB31736.2504	n/a	n/a	f
NA20769	NA20769	0	0	2	TSI	EUR	0	0	0	0	PRJEB31736.2504	n/a	n/a	f
NA20770	NA20770	0	0	1	TSI	EUR	0	0	0	0	PRJEB31736.2504	n/a	n/a	m
NA20771	NA20771	0	0	2	TSI	EUR	0	0	0	0	PRJEB31736.2504	n/a	n/a	f
NA20772	NA20772	0	0	2	TSI	EUR	0	0	0	0	PRJEB31736.2504	n/a	n/a	f
NA20773	NA20773	0	0	2	TSI	EUR	0	0	0	0	PRJEB31736.2504	n/a	n/a	f
NA20774	NA20774	0	0	2	TSI	EUR	0	0	0	0	PRJEB31736.2504	n/a	n/a	f
NA20775	NA20775	0	0	2	TSI	EUR	0	0	0	0	PRJEB31736.2504	n/a	n/a	f
NA20778	NA20778	0	0	1	TSI	EUR	0	0	0	0	PRJEB31736.2504	n/a	n/a	m
NA20783	NA20783	0	0	1	TSI	EUR	0	0	0	0	PRJEB31736.2504	n/a	n/a	m
NA20785	NA20785	0	0	1	TSI	EUR	0	0	0	0	PRJEB31736.2504	n/a	n/a	m
NA20786	NA20786	0	0	2	TSI	EUR	0	0	0	0	PRJEB31736.2504	n/a	n/a	f
NA20787	NA20787	0	0	1	TSI	EUR	0	0	0	0	PRJEB31736.2504	n/a	n/a	m
NA20790	NA20790	0	0	2	TSI	EUR	0	0	0	0	PRJEB31736.2504	n/a	n/a	f
NA20792	NA20792	0	0	1	TSI	EUR	0	0	0	0	PRJEB31736.2504	n/a	n/a	m
NA20795	NA20795	0	0	2	TSI	EUR	0	0	0	0	PRJEB31736.2504	n/a	n/a	f
NA20796	NA20796	0	0	1	TSI	EUR	0	0	0	0	PRJEB31736.2504	n/a	n/a	m
NA20797	NA20797	0	0	2	TSI	EUR	0	0	0	0	PRJEB31736.2504	n/a	n/a	f
NA20798	NA20798	0	0	1	TSI	EUR	0	0	0	0	PRJEB31736.2504	n/a	n/a	m
NA20799	NA20799	0	0	2	TSI	EUR	0	0	0	0	PRJEB31736.2504	n/a	n/a	f
NA20800	NA20800	0	0	2	TSI	EUR	0	0	0	0	PRJEB31736.2504	n/a	n/a	f
NA20801	NA20801	0	0	1	TSI	EUR	0	0	0	0	PRJEB31736.2504	n/a	n/a	m
NA20802	NA20802	0	0	2	TSI	EUR	0	0	0	0	PRJEB31736.2504	n/a	n/a	f
NA20803	NA20803	0	0	1	TSI	EUR	0	0	0	0	PRJEB31736.2504	n/a	n/a	m
NA20804	NA20804	0	0	2	TSI	EUR	0	0	0	0	PRJEB31736.2504	n/a	n/a	f
NA20805	NA20805	0	0	1	TSI	EUR	0	0	0	0	PRJEB31736.2504	n/a	n/a	m
NA20806	NA20806	0	0	1	TSI	EUR	0	0	0	0	PRJEB31736.2504	n/a	n/a	m
NA20807	NA20807	0	0	2	TSI	EUR	0	0	0	0	PRJEB31736.2504	n/a	n/a	f
NA20808	NA20808	0	0	2	TSI	EUR	0	0	0	0	PRJEB31736.2504	n/a	n/a	f
NA20809	NA20809	0	0	1	TSI	EUR	0	0	0	0	PRJEB31736.2504	n/a	n/a	m
NA20810	NA20810	0	0	1	TSI	EUR	0	0	0	0	PRJEB31736.2504	n/a	n/a	m
NA20811	NA20811	0	0	1	TSI	EUR	0	0	0	0	PRJEB31736.2504	n/a	n/a	m
NA20812	NA20812	0	0	1	TSI	EUR	0	0	0	0	PRJEB31736.2504	n/a	n/a	m
NA20813	NA20813	0	0	2	TSI	EUR	0	0	0	0	PRJEB31736.2504	n/a	n/a	f
NA20814	NA20814	0	0	1	TSI	EUR	0	0	0	0	PRJEB31736.2504	n/a	n/a	m
NA20815	NA20815	0	0	1	TSI	EUR	0	0	0	0	PRJEB31736.2504	n/a	n/a	m
NA20818	NA20818	0	0	2	TSI	EUR	0	0	0	0	PRJEB31736.2504	n/a	n/a	f
NA20819	NA20819	0	0	2	TSI	EUR	0	0	0	0	PRJEB31736.2504	n/a	n/a	f
NA20821	NA20821	0	0	2	TSI	EUR	0	0	0	0	PRJEB31736.2504	n/a	n/a	f
NA20822	NA20822	0	0	2	TSI	EUR	0	0	0	0	PRJEB31736.2504	n/a	n/a	f
NA20826	NA20826	0	0	2	TSI	EUR	0	0	0	0	PRJEB31736.2504	n/a	n/a	f
NA20827	NA20827	0	0	1	TSI	EUR	0	0	0	0	PRJEB31736.2504	n/a	n/a	m
NA20828	NA20828	0	0	2	TSI	EUR	0	0	0	0	PRJEB31736.2504	n/a	n/a	f
NA20832	NA20832	0	0	2	TSI	EUR	0	0	0	0	PRJEB31736.2504	n/a	n/a	f
BD05	HG03589	0	0	2	BEB	SAS	0	0	0	0	PRJEB31736.2504	n/a	n/a	f
BD09	HG03600	0	0	1	BEB	SAS	0	0	0	0	PRJEB31736.2504	n/a	n/a	m
BD12	HG03611	0	0	2	BEB	SAS	0	0	0	0	PRJEB31736.2504	n/a	n/a	f
BD23	HG03817	0	0	2	BEB	SAS	0	0	0	0	PRJEB31736.2504	n/a	n/a	f
BD24	HG03821	0	0	1	BEB	SAS	0	0	0	0	PRJEB31736.2504	n/a	n/a	m
BD26	HG03826	0	0	2	BEB	SAS	0	0	0	0	PRJEB31736.2504	n/a	n/a	f
BD3	HG03012	0	0	1	BEB	SAS	0	0	0	0	PRJEB31736.2504	n/a	n/a	m
BD34	HG03917	0	0	1	BEB	SAS	0	0	0	0	PRJEB31736.2504	n/a	n/a	m
BD36	HG03922	0	0	2	BEB	SAS	0	0	0	0	PRJEB31736.2504	n/a	n/a	f
BD39	HG03931	0	0	2	BEB	SAS	0	0	0	0	PRJEB31736.2504	n/a	n/a	f
BD4	HG03585	0	0	1	BEB	SAS	0	0	0	0	PRJEB31736.2504	n/a	n/a	m
BD40	HG03934	0	0	2	BEB	SAS	0	0	0	0	PRJEB31736.2504	n/a	n/a	f
BD41	HG03937	0	0	2	BEB	SAS	0	0	0	0	PRJEB31736.2504	n/a	n/a	f
BD48	HG04144	0	0	2	BEB	SAS	0	0	0	0	PRJEB31736.2504	n/a	n/a	f
BD55	HG04164	0	0	1	BEB	SAS	0	0	0	0	PRJEB31736.2504	n/a	n/a	m
BD57	HG04171	0	0	2	BEB	SAS	0	0	0	0	PRJEB31736.2504	n/a	n/a	f
BD6	HG03593	0	0	1	BEB	SAS	0	0	0	0	PRJEB31736.2504	n/a	n/a	m
BD60	HG04180	0	0	2	BEB	SAS	0	0	0	0	PRJEB31736.2504	n/a	n/a	f
BD8	HG03598	0	0	2	BEB	SAS	0	0	0	0	PRJEB31736.2504	n/a	n/a	f
HG03009	HG03009	0	0	1	BEB	SAS	0	0	0	0	PRJEB31736.2504	n/a	n/a	m
HG03812	HG03812	0	0	1	BEB	SAS	0	0	0	0	PRJEB31736.2504	n/a	n/a	m
HG03902	HG03902	0	0	1	BEB	SAS	0	0	0	0	PRJEB31736.2504	n/a	n/a	m
HG03916	HG03916	0	0	2	BEB	SAS	0	0	0	0	PRJEB31736.2504	n/a	n/a	f
GIH001	NA20868	0	0	2	GIH	SAS	0	0	0	0	PRJEB31736.2504	n/a	n/a	f
GIH002	NA20886	0	0	2	GIH	SAS	0	0	0	0	PRJEB31736.2504	n/a	n/a	f
NA20845	NA20845	0	0	1	GIH	SAS	0	0	0	0	PRJEB31736.2504	n/a	n/a	m
NA20846	NA20846	0	0	1	GIH	SAS	0	0	0	0	PRJEB31736.2504	n/a	n/a	m
NA20847	NA20847	0	0	2	GIH	SAS	0	0	0	0	PRJEB31736.2504	n/a	n/a	f
NA20849	NA20849	0	0	2	GIH	SAS	0	0	0	0	PRJEB31736.2504	n/a	n/a	f
NA20850	NA20850	0	0	1	GIH	SAS	0	0	0	0	PRJEB31736.2504	n/a	n/a	m
NA20851	NA20851	0	0	2	GIH	SAS	0	0	0	0	PRJEB31736.2504	n/a	n/a	f
NA20852	NA20852	0	0	1	GIH	SAS	0	0	0	0	PRJEB31736.2504	n/a	n/a	m
NA20853	NA20853	0	0	2	GIH	SAS	0	0	0	0	PRJEB31736.2504	n/a	n/a	f
NA20854	NA20854	0	0	2	GIH	SAS	0	0	0	0	PRJEB31736.2504	n/a	n/a	f
NA20856	NA20856	0	0	2	GIH	SAS	0	0	0	0	PRJEB31736.2504	n/a	n/a	f
NA20858	NA20858	0	0	1	GIH	SAS	0	0	0	0	PRJEB31736.2504	n/a	n/a	m
NA20859	NA20859	0	0	2	GIH	SAS	0	0	0	0	PRJEB31736.2504	n/a	n/a	f
NA20861	NA20861	0	0	1	GIH	SAS	0	0	0	0	PRJEB31736.2504	n/a	n/a	m
NA20862	NA20862	0	0	2	GIH	SAS	0	0	0	0	PRJEB31736.2504	n/a	n/a	f
NA20863	NA20863	0	0	1	GIH	SAS	0	0	0	0	PRJEB31736.2504	n/a	n/a	m
NA20864	NA20864	0	0	1	GIH	SAS	0	0	0	0	PRJEB31736.2504	n/a	n/a	m
NA20866	NA20866	0	0	1	GIH	SAS	0	0	0	0	PRJEB31736.2504	n/a	n/a	m
NA20867	NA20867	0	0	1	GIH	SAS	0	0	0	0	PRJEB31736.2504	n/a	n/a	m
NA20869	NA20869	0	0	2	GIH	SAS	0	0	0	0	PRJEB31736.2504	n/a	n/a	f
NA20870	NA20870	0	0	1	GIH	SAS	0	0	0	0	PRJEB31736.2504	n/a	n/a	m
NA20872	NA20872	0	0	2	GIH	SAS	0	0	0	0	PRJEB31736.2504	n/a	n/a	f
NA20874	NA20874	0	0	2	GIH	SAS	0	0	0	0	PRJEB31736.2504	n/a	n/a	f
NA20875	NA20875	0	0	2	GIH	SAS	0	0	0	0	PRJEB31736.2504	n/a	n/a	f
NA20876	NA20876	0	0	2	GIH	SAS	0	0	0	0	PRJEB31736.2504	n/a	n/a	f
NA20877	NA20877	0	0	2	GIH	SAS	0	0	0	0	PRJEB31736.2504	n/a	n/a	f
NA20878	NA20878	0	0	2	GIH	SAS	0	0	0	0	PRJEB31736.2504	n/a	n/a	f
NA20881	NA20881	0	0	2	GIH	SAS	0	0	0	0	PRJEB31736.2504	n/a	n/a	f
NA20882	NA20882	0	0	2	GIH	SAS	0	0	0	0	PRJEB31736.2504	n/a	n/a	f
NA20884	NA20884	0	0	1	GIH	SAS	0	0	0	0	PRJEB31736.2504	n/a	n/a	m
NA20885	NA20885	0	0	1	GIH	SAS	0	0	0	0	PRJEB31736.2504	n/a	n/a	m
NA20887	NA20887	0	0	1	GIH	SAS	0	0	0	0	PRJEB31736.2504	n/a	n/a	m
NA20888	NA20888	0	0	2	GIH	SAS	0	0	0	0	PRJEB31736.2504	n/a	n/a	f
NA20889	NA20889	0	0	1	GIH	SAS	0	0	0	0	PRJEB31736.2504	n/a	n/a	m
NA20890	NA20890	0	0	1	GIH	SAS	0	0	0	0	PRJEB31736.2504	n/a	n/a	m
NA20891	NA20891	0	0	1	GIH	SAS	0	0	0	0	PRJEB31736.2504	n/a	n/a	m
NA20892	NA20892	0	0	2	GIH	SAS	0	0	0	0	PRJEB31736.2504	n/a	n/a	f
NA20894	NA20894	0	0	2	GIH	SAS	0	0	0	0	PRJEB31736.2504	n/a	n/a	f
NA20895	NA20895	0	0	1	GIH	SAS	0	0	0	0	PRJEB31736.2504	n/a	n/a	m
NA20896	NA20896	0	0	2	GIH	SAS	0	0	0	0	PRJEB31736.2504	n/a	n/a	f
NA20897	NA20897	0	0	1	GIH	SAS	0	0	0	0	PRJEB31736.2504	n/a	n/a	m
NA20899	NA20899	0	0	2	GIH	SAS	0	0	0	0	PRJEB31736.2504	n/a	n/a	f
NA20900	NA20900	0	0	2	GIH	SAS	0	0	0	0	PRJEB31736.2504	n/a	n/a	f
NA20901	NA20901	0	0	1	GIH	SAS	0	0	0	0	PRJEB31736.2504	n/a	n/a	m
NA20902	NA20902	0	0	2	GIH	SAS	0	0	0	0	PRJEB31736.2504	n/a	n/a	f
NA20903	NA20903	0	0	1	GIH	SAS	0	0	0	0	PRJEB31736.2504	n/a	n/a	m
NA20904	NA20904	0	0	1	GIH	SAS	0	0	0	0	PRJEB31736.2504	n/a	n/a	m
NA20905	NA20905	0	0	1	GIH	SAS	0	0	0	0	PRJEB31736.2504	n/a	n/a	m
NA20906	NA20906	0	0	2	GIH	SAS	0	0	0	0	PRJEB31736.2504	n/a	n/a	f
NA20908	NA20908	0	0	2	GIH	SAS	0	0	0	0	PRJEB31736.2504	n/a	n/a	f
NA20911	NA20911	0	0	1	GIH	SAS	0	0	0	0	PRJEB31736.2504	n/a	n/a	m
NA21086	NA21086	0	0	2	GIH	SAS	0	0	0	0	PRJEB31736.2504	n/a	n/a	f
NA21087	NA21087	0	0	1	GIH	SAS	0	0	0	0	PRJEB31736.2504	n/a	n/a	m
NA21088	NA21088	0	0	2	GIH	SAS	0	0	0	0	PRJEB31736.2504	n/a	n/a	f
NA21089	NA21089	0	0	2	GIH	SAS	0	0	0	0	PRJEB31736.2504	n/a	n/a	f
NA21090	NA21090	0	0	1	GIH	SAS	0	0	0	0	PRJEB31736.2504	n/a	n/a	m
NA21091	NA21091	0	0	1	GIH	SAS	0	0	0	0	PRJEB31736.2504	n/a	n/a	m
NA21092	NA21092	0	0	1	GIH	SAS	0	0	0	0	PRJEB31736.2504	n/a	n/a	m
NA21093	NA21093	0	0	1	GIH	SAS	0	0	0	0	PRJEB31736.2504	n/a	n/a	m
NA21094	NA21094	0	0	1	GIH	SAS	0	0	0	0	PRJEB31736.2504	n/a	n/a	m
NA21095	NA21095	0	0	1	GIH	SAS	0	0	0	0	PRJEB31736.2504	n/a	n/a	m
NA21097	NA21097	0	0	2	GIH	SAS	0	0	0	0	PRJEB31736.2504	n/a	n/a	f
NA21098	NA21098	0	0	1	GIH	SAS	0	0	0	0	PRJEB31736.2504	n/a	n/a	m
NA21099	NA21099	0	0	1	GIH	SAS	0	0	0	0	PRJEB31736.2504	n/a	n/a	m
NA21100	NA21100	0	0	1	GIH	SAS	0	0	0	0	PRJEB31736.2504	n/a	n/a	m
NA21101	NA21101	0	0	2	GIH	SAS	0	0	0	0	PRJEB31736.2504	n/a	n/a	f
NA21102	NA21102	0	0	2	GIH	SAS	0	0	0	0	PRJEB31736.2504	n/a	n/a	f
NA21103	NA21103	0	0	2	GIH	SAS	0	0	0	0	PRJEB31736.2504	n/a	n/a	f
NA21104	NA21104	0	0	1	GIH	SAS	0	0	0	0	PRJEB31736.2504	n/a	n/a	m
NA21105	NA21105	0	0	1	GIH	SAS	0	0	0	0	PRJEB31736.2504	n/a	n/a	m
NA21106	NA21106	0	0	2	GIH	SAS	0	0	0	0	PRJEB31736.2504	n/a	n/a	f
NA21107	NA21107	0	0	1	GIH	SAS	0	0	0	0	PRJEB31736.2504	n/a	n/a	m
NA21108	NA21108	0	0	2	GIH	SAS	0	0	0	0	PRJEB31736.2504	n/a	n/a	f
NA21109	NA21109	0	0	1	GIH	SAS	0	0	0	0	PRJEB31736.2504	n/a	n/a	m
NA21110	NA21110	0	0	2	GIH	SAS	0	0	0	0	PRJEB31736.2504	n/a	n/a	f
NA21111	NA21111	0	0	1	GIH	SAS	0	0	0	0	PRJEB31736.2504	n/a	n/a	m
NA21112	NA21112	0	0	1	GIH	SAS	0	0	0	0	PRJEB31736.2504	n/a	n/a	m
NA21113	NA21113	0	0	1	GIH	SAS	0	0	0	0	PRJEB31736.2504	n/a	n/a	m
NA21114	NA21114	0	0	1	GIH	SAS	0	0	0	0	PRJEB31736.2504	n/a	n/a	m
NA21115	NA21115	0	0	1	GIH	SAS	0	0	0	0	PRJEB31736.2504	n/a	n/a	m
NA21116	NA21116	0	0	1	GIH	SAS	0	0	0	0	PRJEB31736.2504	n/a	n/a	m
NA21117	NA21117	0	0	1	GIH	SAS	0	0	0	0	PRJEB31736.2504	n/a	n/a	m
NA21118	NA21118	0	0	1	GIH	SAS	0	0	0	0	PRJEB31736.2504	n/a	n/a	m
NA21119	NA21119	0	0	1	GIH	SAS	0	0	0	0	PRJEB31736.2504	n/a	n/a	m
NA21120	NA21120	0	0	2	GIH	SAS	0	0	0	0	PRJEB31736.2504	n/a	n/a	f
NA21122	NA21122	0	0	2	GIH	SAS	0	0	0	0	PRJEB31736.2504	n/a	n/a	f
NA21123	NA21123	0	0	1	GIH	SAS	0	0	0	0	PRJEB31736.2504	n/a	n/a	m
NA21124	NA21124	0	0	1	GIH	SAS	0	0	0	0	PRJEB31736.2504	n/a	n/a	m
NA21125	NA21125	0	0	2	GIH	SAS	0	0	0	0	PRJEB31736.2504	n/a	n/a	f
NA21126	NA21126	0	0	1	GIH	SAS	0	0	0	0	PRJEB31736.2504	n/a	n/a	m
NA21127	NA21127	0	0	1	GIH	SAS	0	0	0	0	PRJEB31736.2504	n/a	n/a	m
NA21128	NA21128	0	0	1	GIH	SAS	0	0	0	0	PRJEB31736.2504	n/a	n/a	m
NA21129	NA21129	0	0	1	GIH	SAS	0	0	0	0	PRJEB31736.2504	n/a	n/a	m
NA21130	NA21130	0	0	1	GIH	SAS	0	0	0	0	PRJEB31736.2504	n/a	n/a	m
NA21133	NA21133	0	0	1	GIH	SAS	0	0	0	0	PRJEB31736.2504	n/a	n/a	m
NA21135	NA21135	0	0	1	GIH	SAS	0	0	0	0	PRJEB31736.2504	n/a	n/a	m
NA21137	NA21137	0	0	2	GIH	SAS	0	0	0	0	PRJEB31736.2504	n/a	n/a	f
NA21141	NA21141	0	0	2	GIH	SAS	0	0	0	0	PRJEB31736.2504	n/a	n/a	f
NA21142	NA21142	0	0	2	GIH	SAS	0	0	0	0	PRJEB31736.2504	n/a	n/a	f
NA21143	NA21143	0	0	2	GIH	SAS	0	0	0	0	PRJEB31736.2504	n/a	n/a	f
NA21144	NA21144	0	0	2	GIH	SAS	0	0	0	0	PRJEB31736.2504	n/a	n/a	f
HG03871	HG03871	0	0	1	ITU	SAS	0	0	0	0	PRJEB31736.2504	n/a	n/a	m
HG04206	HG04206	0	0	1	ITU	SAS	0	0	0	0	PRJEB31736.2504	n/a	n/a	m
HG04239	HG04239	0	0	1	ITU	SAS	0	0	0	0	PRJEB31736.2504	n/a	n/a	m
IT001	HG03713	0	0	1	ITU	SAS	0	0	0	0	PRJEB31736.2504	n/a	n/a	m
IT006	HG03874	0	0	2	ITU	SAS	0	0	0	0	PRJEB31736.2504	n/a	n/a	f
IT007	HG04018	0	0	2	ITU	SAS	0	0	0	0	PRJEB31736.2504	n/a	n/a	f
IT011	HG03730	0	0	2	ITU	SAS	0	0	0	0	PRJEB31736.2504	n/a	n/a	f
IT015	HG03742	0	0	1	ITU	SAS	0	0	0	0	PRJEB31736.2504	n/a	n/a	m
IT018	HG03781	0	0	2	ITU	SAS	0	0	0	0	PRJEB31736.2504	n/a	n/a	f
IT019	HG03779	0	0	1	ITU	SAS	0	0	0	0	PRJEB31736.2504	n/a	n/a	m
IT022	HG03777	0	0	1	ITU	SAS	0	0	0	0	PRJEB31736.2504	n/a	n/a	m
IT024	HG03785	0	0	1	ITU	SAS	0	0	0	0	PRJEB31736.2504	n/a	n/a	m
IT025	HG03790	0	0	1	ITU	SAS	0	0	0	0	PRJEB31736.2504	n/a	n/a	m
IT026	HG03792	0	0	1	ITU	SAS	0	0	0	0	PRJEB31736.2504	n/a	n/a	m
IT027	HG03787	0	0	2	ITU	SAS	0	0	0	0	PRJEB31736.2504	n/a	n/a	f
IT029	HG03782	0	0	2	ITU	SAS	0	0	0	0	PRJEB31736.2504	n/a	n/a	f
IT032	HG03861	0	0	2	ITU	SAS	0	0	0	0	PRJEB31736.2504	n/a	n/a	f
IT033	HG03863	0	0	2	ITU	SAS	0	0	0	0	PRJEB31736.2504	n/a	n/a	f
IT034	HG03864	0	0	1	ITU	SAS	0	0	0	0	PRJEB31736.2504	n/a	n/a	m
IT036	HG03872	0	0	1	ITU	SAS	0	0	0	0	PRJEB31736.2504	n/a	n/a	m
IT037	HG03870	0	0	1	ITU	SAS	0	0	0	0	PRJEB31736.2504	n/a	n/a	m
IT038	HG03867	0	0	1	ITU	SAS	0	0	0	0	PRJEB31736.2504	n/a	n/a	m
IT039	HG03780	0	0	2	ITU	SAS	0	0	0	0	PRJEB31736.2504	n/a	n/a	f
IT039a	HG03882	0	0	2	ITU	SAS	0	0	0	0	PRJEB31736.2504	n/a	n/a	f
IT042	HG03963	0	0	1	ITU	SAS	0	0	0	0	PRJEB31736.2504	n/a	n/a	m
IT044	HG03960	0	0	1	ITU	SAS	0	0	0	0	PRJEB31736.2504	n/a	n/a	m
IT048	HG03971	0	0	1	ITU	SAS	0	0	0	0	PRJEB31736.2504	n/a	n/a	m
IT049	HG03974	0	0	1	ITU	SAS	0	0	0	0	PRJEB31736.2504	n/a	n/a	m
IT052	HG03720	0	0	1	ITU	SAS	0	0	0	0	PRJEB31736.2504	n/a	n/a	m
IT056	HG04019	0	0	1	ITU	SAS	0	0	0	0	PRJEB31736.2504	n/a	n/a	m
IT060	HG04015	0	0	1	ITU	SAS	0	0	0	0	PRJEB31736.2504	n/a	n/a	m
IT062	HG04022	0	0	1	ITU	SAS	0	0	0	0	PRJEB31736.2504	n/a	n/a	m
IT184	HG04059	0	0	2	ITU	SAS	0	0	0	0	PRJEB31736.2504	n/a	n/a	f
IT191	HG04076	0	0	2	ITU	SAS	0	0	0	0	PRJEB31736.2504	n/a	n/a	f
IT194	HG04080	0	0	1	ITU	SAS	0	0	0	0	PRJEB31736.2504	n/a	n/a	m
IT201	HG04094	0	0	1	ITU	SAS	0	0	0	0	PRJEB31736.2504	n/a	n/a	m
IT202	HG04096	0	0	1	ITU	SAS	0	0	0	0	PRJEB31736.2504	n/a	n/a	m
IT205	HG04098	0	0	1	ITU	SAS	0	0	0	0	PRJEB31736.2504	n/a	n/a	m
IT21	HG03778	0	0	1	ITU	SAS	0	0	0	0	PRJEB31736.2504	n/a	n/a	m
IT214	HG04118	0	0	2	ITU	SAS	0	0	0	0	PRJEB31736.2504	n/a	n/a	f
IT217	HG04209	0	0	2	ITU	SAS	0	0	0	0	PRJEB31736.2504	n/a	n/a	f
IT222	HG04202	0	0	2	ITU	SAS	0	0	0	0	PRJEB31736.2504	n/a	n/a	f
IT225	HG04222	0	0	1	ITU	SAS	0	0	0	0	PRJEB31736.2504	n/a	n/a	m
IT226	HG04214	0	0	2	ITU	SAS	0	0	0	0	PRJEB31736.2504	n/a	n/a	f
IT227	HG04216	0	0	2	ITU	SAS	0	0	0	0	PRJEB31736.2504	n/a	n/a	f
IT228	HG04219	0	0	1	ITU	SAS	0	0	0	0	PRJEB31736.2504	n/a	n/a	m
IT231	HG04225	0	0	1	ITU	SAS	0	0	0	0	PRJEB31736.2504	n/a	n/a	m
IT237	HG04235	0	0	1	ITU	SAS	0	0	0	0	PRJEB31736.2504	n/a	n/a	m
IT240	HG04238	0	0	1	ITU	SAS	0	0	0	0	PRJEB31736.2504	n/a	n/a	m
IT40	HG03875	0	0	1	ITU	SAS	0	0	0	0	PRJEB31736.2504	n/a	n/a	m
IT5	HG03868	0	0	2	ITU	SAS	0	0	0	0	PRJEB31736.2504	n/a	n/a	f
IT51	HG03967	0	0	1	ITU	SAS	0	0	0	0	PRJEB31736.2504	n/a	n/a	m
HG03022	HG03022	0	0	2	PJL	SAS	0	0	0	0	PRJEB31736.2504	n/a	n/a	f
PK02	HG01583	0	0	1	PJL	SAS	0	0	0	0	PRJEB31736.2504	n/a	n/a	m
PK03	HG01586	0	0	1	PJL	SAS	0	0	0	0	PRJEB31736.2504	n/a	n/a	m
PK04	HG01589	0	0	1	PJL	SAS	0	0	0	0	PRJEB31736.2504	n/a	n/a	m
PK05	HG01593	0	0	2	PJL	SAS	0	0	0	0	PRJEB31736.2504	n/a	n/a	f
PK08	HG02597	0	0	1	PJL	SAS	0	0	0	0	PRJEB31736.2504	n/a	n/a	m
PK20	HG02694	0	0	2	PJL	SAS	0	0	0	0	PRJEB31736.2504	n/a	n/a	f
PK25	HG02731	0	0	2	PJL	SAS	0	0	0	0	PRJEB31736.2504	n/a	n/a	f
PK29	HG02778	0	0	2	PJL	SAS	0	0	0	0	PRJEB31736.2504	n/a	n/a	f
PK30	HG02780	0	0	1	PJL	SAS	0	0	0	0	PRJEB31736.2504	n/a	n/a	m
PK37	HG03021	0	0	1	PJL	SAS	0	0	0	0	PRJEB31736.2504	n/a	n/a	m
PK47	HG03629	0	0	1	PJL	SAS	0	0	0	0	PRJEB31736.2504	n/a	n/a	m
PK48	HG03631	0	0	2	PJL	SAS	0	0	0	0	PRJEB31736.2504	n/a	n/a	f
PK50	HG03636	0	0	1	PJL	SAS	0	0	0	0	PRJEB31736.2504	n/a	n/a	m
PK55	HG03660	0	0	1	PJL	SAS	0	0	0	0	PRJEB31736.2504	n/a	n/a	m
PK56	HG03663	0	0	1	PJL	SAS	0	0	0	0	PRJEB31736.2504	n/a	n/a	m
PK64	HG03765	0	0	2	PJL	SAS	0	0	0	0	PRJEB31736.2504	n/a	n/a	f
PK65	HG03767	0	0	1	PJL	SAS	0	0	0	0	PRJEB31736.2504	n/a	n/a	m
ST001	HG03646	0	0	1	STU	SAS	0	0	0	0	PRJEB31736.2504	n/a	n/a	m
ST002	HG03645	0	0	2	STU	SAS	0	0	0	0	PRJEB31736.2504	n/a	n/a	f
ST007	HG03999	0	0	1	STU	SAS	0	0	0	0	PRJEB31736.2504	n/a	n/a	m
ST008	HG03672	0	0	1	STU	SAS	0	0	0	0	PRJEB31736.2504	n/a	n/a	m
ST009	HG03680	0	0	1	STU	SAS	0	0	0	0	PRJEB31736.2504	n/a	n/a	m
ST010	HG03673	0	0	2	STU	SAS	0	0	0	0	PRJEB31736.2504	n/a	n/a	f
ST011	HG03681	0	0	1	STU	SAS	0	0	0	0	PRJEB31736.2504	n/a	n/a	m
ST014	HG03686	0	0	1	STU	SAS	0	0	0	0	PRJEB31736.2504	n/a	n/a	m
ST015	HG03687	0	0	1	STU	SAS	0	0	0	0	PRJEB31736.2504	n/a	n/a	m
ST017	HG03689	0	0	2	STU	SAS	0	0	0	0	PRJEB31736.2504	n/a	n/a	f
ST018	HG03690	0	0	2	STU	SAS	0	0	0	0	PRJEB31736.2504	n/a	n/a	f
ST019	HG03691	0	0	1	STU	SAS	0	0	0	0	PRJEB31736.2504	n/a	n/a	m
ST020	HG03692	0	0	2	STU	SAS	0	0	0	0	PRJEB31736.2504	n/a	n/a	f
ST022	HG03694	0	0	1	STU	SAS	0	0	0	0	PRJEB31736.2504	n/a	n/a	m
ST023	HG03695	0	0	1	STU	SAS	0	0	0	0	PRJEB31736.2504	n/a	n/a	m
ST024	HG03696	0	0	1	STU	SAS	0	0	0	0	PRJEB31736.2504	n/a	n/a	m
ST025	HG03697	0	0	1	STU	SAS	0	0	0	0	PRJEB31736.2504	n/a	n/a	m
ST026	HG03698	0	0	2	STU	SAS	0	0	0	0	PRJEB31736.2504	n/a	n/a	f
ST027	HG03711	0	0	1	STU	SAS	0	0	0	0	PRJEB31736.2504	n/a	n/a	m
ST039	HG03884	0	0	2	STU	SAS	0	0	0	0	PRJEB31736.2504	n/a	n/a	f
ST041	HG03733	0	0	2	STU	SAS	0	0	0	0	PRJEB31736.2504	n/a	n/a	f
ST043	HG03736	0	0	2	STU	SAS	0	0	0	0	PRJEB31736.2504	n/a	n/a	f
ST044	HG03738	0	0	1	STU	SAS	0	0	0	0	PRJEB31736.2504	n/a	n/a	m
ST047	HG03744	0	0	1	STU	SAS	0	0	0	0	PRJEB31736.2504	n/a	n/a	m
ST049	HG03745	0	0	1	STU	SAS	0	0	0	0	PRJEB31736.2504	n/a	n/a	m
ST053	HG03752	0	0	2	STU	SAS	0	0	0	0	PRJEB31736.2504	n/a	n/a	f
ST054	HG03753	0	0	1	STU	SAS	0	0	0	0	PRJEB31736.2504	n/a	n/a	m
ST058	HG03760	0	0	2	STU	SAS	0	0	0	0	PRJEB31736.2504	n/a	n/a	f
ST074	HG03836	0	0	2	STU	SAS	0	0	0	0	PRJEB31736.2504	n/a	n/a	f
ST075	HG03844	0	0	1	STU	SAS	0	0	0	0	PRJEB31736.2504	n/a	n/a	m
ST076	HG04033	0	0	1	STU	SAS	0	0	0	0	PRJEB31736.2504	n/a	n/a	m
ST079	HG03837	0	0	1	STU	SAS	0	0	0	0	PRJEB31736.2504	n/a	n/a	m
ST080	HG03846	0	0	1	STU	SAS	0	0	0	0	PRJEB31736.2504	n/a	n/a	m
ST084	HG03848	0	0	1	STU	SAS	0	0	0	0	PRJEB31736.2504	n/a	n/a	m
ST089	HG03851	0	0	1	STU	SAS	0	0	0	0	PRJEB31736.2504	n/a	n/a	m
ST091	HG03857	0	0	2	STU	SAS	0	0	0	0	PRJEB31736.2504	n/a	n/a	f
ST092	HG03856	0	0	1	STU	SAS	0	0	0	0	PRJEB31736.2504	n/a	n/a	m
ST107	HG03895	0	0	2	STU	SAS	0	0	0	0	PRJEB31736.2504	n/a	n/a	f
ST110	HG03890	0	0	1	STU	SAS	0	0	0	0	PRJEB31736.2504	n/a	n/a	m
ST116	HG03943	0	0	1	STU	SAS	0	0	0	0	PRJEB31736.2504	n/a	n/a	m
ST117	HG03945	0	0	2	STU	SAS	0	0	0	0	PRJEB31736.2504	n/a	n/a	f
ST118	HG03947	0	0	2	STU	SAS	0	0	0	0	PRJEB31736.2504	n/a	n/a	f
ST119	HG03955	0	0	2	STU	SAS	0	0	0	0	PRJEB31736.2504	n/a	n/a	f
ST122	HG03953	0	0	1	STU	SAS	0	0	0	0	PRJEB31736.2504	n/a	n/a	m
ST123	HG03949	0	0	2	STU	SAS	0	0	0	0	PRJEB31736.2504	n/a	n/a	f
ST142	HG03990	0	0	1	STU	SAS	0	0	0	0	PRJEB31736.2504	n/a	n/a	m
ST143	HG03991	0	0	1	STU	SAS	0	0	0	0	PRJEB31736.2504	n/a	n/a	m
ST144	HG03985	0	0	1	STU	SAS	0	0	0	0	PRJEB31736.2504	n/a	n/a	m
ST145	HG03989	0	0	2	STU	SAS	0	0	0	0	PRJEB31736.2504	n/a	n/a	f
ST147	HG03998	0	0	1	STU	SAS	0	0	0	0	PRJEB31736.2504	n/a	n/a	m
ST152	HG04003	0	0	1	STU	SAS	0	0	0	0	PRJEB31736.2504	n/a	n/a	m
ST154	HG04029	0	0	2	STU	SAS	0	0	0	0	PRJEB31736.2504	n/a	n/a	f
ST170	HG04038	0	0	2	STU	SAS	0	0	0	0	PRJEB31736.2504	n/a	n/a	f
ST171	HG04042	0	0	2	STU	SAS	0	0	0	0	PRJEB31736.2504	n/a	n/a	f
ST172	HG04039	0	0	1	STU	SAS	0	0	0	0	PRJEB31736.2504	n/a	n/a	m
ST173	HG04047	0	0	2	STU	SAS	0	0	0	0	PRJEB31736.2504	n/a	n/a	f
ST186	HG04210	0	0	1	STU	SAS	0	0	0	0	PRJEB31736.2504	n/a	n/a	m
